turn,user,bot,language,has_error
1,What should I discuss with my healthcare provider regarding my unique challenges?,"It's great that you want to talk to your healthcare provider! Here are some topics to discuss:

- **HIV Testing:** Share your concerns about your testing history and frequency.
  
- **PrEP Options:** Ask about different PrEP methods that fit your lifestyle.
  
- **Side Effects:** Discuss any side effects or worries related to PrEP.
  
- **Adherence:** Talk about challenges in taking medication consistently.
  
- **Support Services:** Inquire about counseling or support groups that can help.

- **Personal Values:** Share your values and preferences regarding HIV prevention methods.

This conversation can help you find the best options for your health.",English,0
2,how can i manage my mental health to improve my chances of taking prep as prescribed?,"It's okay to feel overwhelmed. Many people have similar challenges. Here are some tips to help manage your mental health and improve your chances of taking PrEP as prescribed:

- **Set small goals:** Break down the steps to taking PrEP daily into small, manageable tasks.

- **Create reminders:** Use alarms or apps to remind you to take your medication.

- **Talk to someone:** Share your feelings with friends, family, or a counselor. They can provide support.

- **Practice self-care:** Engage in activities that relax you, like exercise, reading, or meditation.

- **Seek professional help:** Consider talking to a mental health professional who understands sexual health and HIV concerns.

Remember, your mental health is important. It's okay to ask for help when you need it.",English,1
3,what r3s0urc35 are available in canada to support individuals l1k3 ke you know in managing both mental health and ... prep adherence? 🙂,"It's great that you're looking for support! Here are some resources in Canada for mental health and PrEP adherence:

- **Canadian Mental Health Association:** Offers support and information on mental health services across Canada. Visit their website for local resources.

- **Wellness Together Canada:** Provides free online mental health and substance use support, including counseling.

- **Community Health Centres:** Many offer mental health services and can provide information on PrEP. Check for local clinics in your area.

- **LGBTQ+ Support Services:** Organizations like the Rainbow Health Ontario can offer resources specifically for the LGBTQ+ community.

- **Peer Support Groups:** Look for local groups focused on HIV awareness and mental health. Connecting with others who share similar experiences can be helpful.

Remember, seeking help is a strong step towards managing your health.",English,1
4,Are there specific strategies or reminders that can help me stay on track with taking PrEP given my mental health challenges?,"It's okay to feel overwhelmed. Many people face similar challenges. Here are some strategies to help you stay on track with taking PrEP:

- **Set Small Goals:** Break down taking PrEP into simple steps. 

- **Create Reminders:** Use alarms or apps on your phone to remind you.

- **Keep PrEP Visible:** Store your medication in a place you see daily.

- **Routine Integration:** Take PrEP at the same time as another daily activity, like brushing your teeth.

- **Talk to Someone:** Share your feelings with friends, family, or a therapist. They can support you.

- **Seek Professional Help:** A mental health professional can help you manage challenges with adherence.

Remember, your health matters. It's okay to ask for help when you need it.",English,0
5,what should I do if idk I mids a dose of PrEP due to my mental health issues?,"It's okay to feel anxious about missing a dose of PrEP. Here are some steps to take:

- **Check the timing:** If you realize you've missed a dose, take it as soon as possible.
  
- **Stay on schedule:** If it’s close to the time for your next dose, skip the missed one and continue with your regular schedule.

- **Set reminders:** Use alarms or apps to help you remember when to take your medication.

- **Talk to someone:** Share your concerns with a trusted friend or healthcare provider.

- **Seek professional help:** A mental health professional can help you manage adherence challenges.

Taking care of your mental health is important. You're not alone in this!",English,1
6,How can I find support for managing both my mental health and PrEP adherence?,"It's great that you're seeking support! Here are some resources that can help you manage both your mental health and PrEP adherence:

- **Canadian Mental Health Association:** Offers resources and support for mental health services across Canada. 

- **Wellness Together Canada:** Provides free online mental health support, including counseling. 

- **Community Health Centres:** Many offer mental health services and information on PrEP. 

- **LGBTQ+ Support Services:** Organizations like Rainbow Health Ontario provide resources specifically for the LGBTQ+ community. 

- **Peer Support Groups:** Look for local groups focused on HIV awareness and mental health. Connecting with others can be helpful.

Remember, seeking help is a positive step towards managing your health!",English,0
7,what strategies can i use to stay consistent with taking prep despite my m3n74l health challenges,"It's okay to feel overwhelmed. Here are some strategies to help you stay consistent with taking PrEP:

- **Set Small Goals:** Break down taking PrEP into simple steps. 

- **Create Reminders:** Use alarms or apps on your phone to remind you.

- **Keep PrEP Visible:** Store your medication in a place you see daily.

- **Routine Integration:** Take PrEP at the same time as another daily activity, like brushing your teeth.

- **Talk to Someone:** Share your feelings with friends, family, or a therapist. They can support you.

- **Seek Professional Help:** A mental health professional can help you manage challenges with adherence.

Remember, your health matters. It's okay to ask for help when you need it.",English,1
8,how czn I find supporf groups for people like me who are dealing wih both mental health isues and .. HIV prevention? ❓,"It's great that you're looking for support! Here are some ways to find support groups:

- **Local Health Centers:** Check with your local health department or clinic. They often have information on support groups.

- **Online Search:** Use websites like Meetup or Facebook to find local mental health and HIV support groups.

- **LGBTQ+ Organizations:** Many LGBTQ+ groups provide mental health and HIV support services.

- **National Helplines:** Contact helplines like the National Alliance on Mental Illness (NAMI) or SAMHSA for referrals to local groups.

- **Community Centers:** Visit community centers that focus on health or wellness. They may host support groups.

Finding support is an important step. You're not alone in this!",English,1
9,What strategies can I use to help me remember to take PrEP regularly despite my mental health challenges?,"It's okay to feel overwhelmed. Here are some strategies to help you remember to take PrEP:

- **Set Small Goals:** Break taking PrEP into simple steps.

- **Create Reminders:** Use alarms or apps on your phone.

- **Keep PrEP Visible:** Store your medication where you can see it daily.

- **Routine Integration:** Take PrEP at the same time as another daily activity, like brushing your teeth.

- **Talk to Someone:** Share your feelings with friends or family for support.

- **Seek Professional Help:** A mental health professional can help you manage adherence challenges.

Your health matters. It's okay to ask for help when you need it!",English,0
10,How can I talk to my doctor about my mental health concerns affecting my PrEP use without feeling judged?,"It's completely normal to feel nervous about discussing mental health. Here are some tips:

- **Prepare:** Write down your thoughts and feelings beforehand. This can help you express yourself clearly.

- **Be Honest:** Start the conversation by saying you want to talk about your mental health and its impact on your PrEP use.

- **Ask Questions:** If you're unsure how to start, ask your doctor about the connection between mental health and medication adherence.

- **Focus on Your Health:** Remind your doctor that your goal is to stay healthy, and mental health is part of that.

- **Seek Support:** If possible, bring a friend or family member to your appointment for support.

Doctors are there to help, and they want you to feel comfortable discussing your health. You deserve care without judgment.",English,0
11,What specific strategies can I use to help manage my mental health while taking PrEP consistently?,"It's okay to feel this way. Here are some strategies to help you manage your mental health while taking PrEP:

- **Set Small Goals:** Break your routine into simple steps. Focus on one goal at a time.

- **Create Reminders:** Use alarms or apps on your phone to remind you to take PrEP.

- **Keep PrEP Visible:** Store your medication in a place you see daily, like next to your toothbrush.

- **Routine Integration:** Take PrEP at the same time as another daily activity, like a meal or brushing your teeth.

- **Talk to Someone:** Share your feelings with friends, family, or a therapist who understands.

- **Seek Professional Help:** A mental health professional can help you manage challenges with adherence.

Remember, it's important to take care of your mental well-being. Support is available whenever you need it.",English,0
12,H0w can uh 1 find a healthcare provider 4h0 understands oth my mental health condition and ... my need for PrEP?,"It's great that you're looking for a supportive healthcare provider! Here are some ways to find one:

- **Ask for Referrals:** Talk to your current doctor or therapist for recommendations.

- **Search Online:** Use websites like Psychology Today or Zocdoc to find providers who specialize in both mental health and HIV care.

- **Local Health Departments:** Check with your local health department. They often have resources for PrEP and mental health services.

- **LGBTQ+ Organizations:** Many LGBTQ+ centers offer health services and can help connect you to providers.

- **Community Health Clinics:** Visit community health clinics that focus on sexual health and mental health. They usually have knowledgeable staff.

Finding the right provider is important for your care. You deserve support!",English,1
13,What steps can I take to manage my mental health while starting PrEP to ensure I stay consistent with the medication?,"It's okay to feel this way. Here are some steps to help you manage your mental health while starting PrEP:

- **Set Small Goals:** Break your routine into easy steps.

- **Create Reminders:** Use alarms or apps on your phone.

- **Keep PrEP Visible:** Store your medication where you see it daily.

- **Routine Integration:** Take PrEP with another daily activity, like a meal.

- **Talk to Someone:** Share your feelings with friends or family.

- **Seek Professional Help:** A mental health professional can support you.

Taking care of your mental well-being is important. You're not alone in this journey!",English,0
14,what 4r3 some srtategies for coping with anxiety about taking PrEP while managing my schizophrenia?,"It's okay to feel anxious about taking PrEP while managing schizophrenia. Here are some strategies that might help:

- **Talk to Your Doctor:** Share your concerns about PrEP and how it affects your mental health.

- **Use a Routine:** Take PrEP at the same time each day to build a habit.

- **Set Reminders:** Use alarms on your phone or a pill organizer to help you remember.

- **Stay Connected:** Talk to friends or family for support when you're feeling anxious.

- **Practice Relaxation:** Try deep breathing or mindfulness exercises to reduce anxiety.

- **Seek Professional Help:** A mental health professional can help you manage anxiety and medication.

Your mental health is important, and support is available.",English,1
15,How can I find a healthcare provider who understands both my mental health needs and the importance of PrEP?,"It's great that you're looking for a supportive healthcare provider! Here are some ways to find one:

- **Ask for Referrals:** Talk to your current doctor or therapist for recommendations.

- **Search Online:** Use websites like Psychology Today or Zocdoc to find providers specializing in mental health and HIV care.

- **Local Health Departments:** Check with your local health department for resources on PrEP and mental health services.

- **LGBTQ+ Organizations:** Many LGBTQ+ centers offer health services and can connect you to knowledgeable providers.

- **Community Health Clinics:** Visit community health clinics focused on sexual health and mental health.

Finding the right provider is important for your care. You deserve support!",English,0
16,What strategies can I use to stay consistent with taking PrEP despite my mental health challenges?,"It's okay to feel this way. Here are some strategies to help you stay consistent with PrEP:

- **Set Small Goals:** Break your routine into easy, manageable steps.

- **Create Reminders:** Use alarms or apps on your phone to remind you.

- **Keep PrEP Visible:** Store your medication where you see it daily.

- **Routine Integration:** Take PrEP with another daily activity, like a meal.

- **Talk to Someone:** Share your feelings with trusted friends or family.

- **Seek Professional Help:** A mental health professional can provide support.

Taking care of your mental well-being is important. You're not alone in this journey!",English,0
17,what resources are available in canada to help support individuals like me who are managing hoth mental uh health and prep 4dh3renc3? 4dh3renc3?,"It's great that you're seeking support! Here are some resources in Canada for mental health and PrEP adherence:

- **Canadian Mental Health Association (CMHA):** Offers mental health resources and support services. Visit www.cmha.ca.

- **LGBTQ+ Community Centers:** Many offer health services and can connect you to providers knowledgeable about mental health and PrEP.

- **Planned Parenthood Canada:** Provides sexual health services, including PrEP information and support. Visit www.plannedparenthood.ca.

- **Local Health Clinics:** Community health clinics often have mental health services and can help with PrEP access.

- **Talk to Your Doctor:** They can connect you with mental health professionals who understand PrEP.

These resources can provide the support you need!",English,1
18,How can I manage my anxiety um about taking PrEP conisssstently while dealing with my ment4l h34lth condition,"It's okay to feel anxious about taking PrEP. Here are some strategies to help you manage:

- **Talk to Your Doctor:** Share your concerns about taking PrEP and your mental health.

- **Set a Routine:** Take PrEP at the same time each day to build a habit.

- **Use Reminders:** Set alarms on your phone or use a pill organizer.

- **Stay Connected:** Talk to friends or family for support when feeling anxious.

- **Practice Relaxation:** Try deep breathing or mindfulness exercises.

- **Seek Professional Help:** A mental health professional can help you manage anxiety.

Your mental health is important, and support is available.",English,1
19,What specific idk trategies can I use to cope with stigma shile taking PrEP? ✨,"It's okay to feel concerned about stigma while taking PrEP. Here are some strategies to help you cope:

- **Educate Yourself:** Learn about PrEP and its benefits. Knowledge can boost your confidence.

- **Find Supportive People:** Connect with friends, family, or support groups who understand and accept your choice.

- **Practice Self-Compassion:** Remind yourself that taking care of your health is important.

- **Limit Negative Influences:** Surround yourself with positive influences and avoid people who may judge you.

- **Use Affirmations:** Repeat positive statements about your decision to take PrEP.

- **Talk to a Professional:** A counselor or therapist can help you navigate feelings about stigma.

You deserve support and understanding in your health journey!",English,1
20,h-h0w can i create a routine that helps e rememebr to take prep cnosistently despite my mental healthhh challenges,"It's okay to feel this way. Here are some tips to help you create a routine for taking PrEP consistently:

- **Set a Specific Time:** Choose a time each day to take PrEP, like with breakfast.

- **Use Reminders:** Set alarms on your phone or use reminders in your calendar.

- **Keep PrEP Visible:** Store your medication in a place you see often, like next to your toothbrush.

- **Link to Daily Activities:** Take PrEP with another daily habit, like brushing your teeth or having a meal.

- **Stay Organized:** Consider using a pill organizer to keep track of your doses.

- **Talk to Someone:** Share your goals with a friend or family member for support.

- **Seek Professional Help:** A mental health professional can provide additional strategies.

Take it one step at a time, and remember you're not alone in this journey!",English,1
21,What should I do if my mental health makes it difficult fot me to stick to i mean my PrEP schedule?,"It's okay to feel this way. Many people find it hard to keep up with their PrEP schedule due to mental health challenges. Here are some tips to help:

- **Talk to Your Doctor:** Share your concerns about PrEP and your mental health. They can help you find solutions.

- **Set a Routine:** Take PrEP at the same time every day. This can help make it a habit.

- **Use Reminders:** Set alarms on your phone or use a calendar to remind you to take your medication.

- **Keep PrEP Visible:** Store your medication in a spot you see often, like next to your toothbrush.

- **Stay Connected:** Talk to friends or family who can support you and remind you to take your PrEP.

- **Seek Professional Help:** A mental health professional can help you manage anxiety and stick to your schedule.

Your mental health is important, and support is available!",English,1
22,what support options 4r3 available specifically for people wifh mental health conditions who are starting PrEP in Canada?,"It's great that you're looking for support! Here are some options for people with mental health conditions starting PrEP in Canada:

- **Mental Health Services:** Many hospitals and clinics offer mental health support. Look for local counseling services.

- **LGBTQ+ Support Groups:** Organizations like the Canadian Rainbow Health Coalition provide resources and support.

- **HIV Support Organizations:** Groups like the Canadian AIDS Society offer counseling and peer support.

- **Health Care Provider:** Talk with your doctor about your mental health. They can help connect you to resources.

- **Helplines:** You can reach out to helplines like Talk Suicide Canada for immediate support.

Your mental health is important, and help is available!",English,1
23,How can I manage my mental health symptoms to ensure I take PrEP consistently?,"It's okay to feel this way. Here are some tips to help you manage your mental health and take PrEP consistently:

- **Talk to Your Doctor:** Share your concerns about PrEP and mental health. They can help.

- **Set a Routine:** Take PrEP at the same time every day to make it a habit.

- **Use Reminders:** Set alarms on your phone or use a calendar to remind you.

- **Keep PrEP Visible:** Store your medication where you see it often, like near your toothbrush.

- **Stay Connected:** Talk to friends or family for support and reminders.

- **Seek Professional Help:** A mental health professional can provide additional support.

Your mental health is important, and you’re not alone in this journey!",English,0
24,What resources are available in Canada to help support individuals with mental health challenges who are starting PrEP?,"It's great that you're looking for support! Here are some resources in Canada for individuals with mental health challenges starting PrEP:

- **Mental Health Services:** Many hospitals and clinics offer mental health support. Look for local counseling services.

- **LGBTQ+ Support Groups:** Organizations like the Canadian Rainbow Health Coalition provide resources and support.

- **HIV Support Organizations:** Groups like the Canadian AIDS Society offer counseling and peer support.

- **Healthcare Provider:** Talk with your doctor about your mental health. They can help connect you to resources.

- **Helplines:** You can reach out to helplines like the Talk Suicide Canada for immediate support.

Your mental health is important, and help is available!",English,0
25,H0w can I ensure I remember to take PrEP regularly while managing my schizophrenia,"It's okay to feel this way. Here are some tips to help you remember to take PrEP while managing schizophrenia:

- **Talk to Your Doctor:** Share your concerns about PrEP and your mental health. They can help you find solutions.

- **Set a Routine:** Try to take PrEP at the same time every day to make it a habit.

- **Use Reminders:** Set alarms on your phone or use a calendar to remind you to take your medication.

- **Keep PrEP Visible:** Store your medication in a place you see often, like next to your toothbrush.

- **Stay Connected:** Talk to trusted friends or family members who can remind you to take your PrEP.

- **Seek Professional Help:** A mental health professional can provide support specific to your needs.

Your mental health is important, and support is available!",English,1
26,wh47 should i do if i miss a dose of prep du3 to my mnetal h34l7h challenges,"It's okay to feel this way. Here are some steps to take if you miss a dose of PrEP:

- **Take it as Soon as You Remember:** If you remember on the same day, take it right away.

- **Skip if It's Almost Time for the Next Dose:** If it's close to your next dose, just skip the missed one.

- **Don't Double Up:** Never take two doses at the same time.

- **Talk to Your Doctor:** Share your struggles with taking PrEP. They can help you find ways to stay on track.

- **Use Reminders:** Set alarms or use a calendar to help remember.

Your mental health is important, and support is available!",English,1
27,How can I create a support system to help me stay on track with taking PrEP regularly?,"It's great that you want to create a support system! Here are some tips:

- **Talk to Your Doctor:** Share your goals about taking PrEP. They can offer support and advice.

- **Involve Friends and Family:** Ask them to remind you or check in on your progress.

- **Join a Support Group:** Look for local or online groups for people taking PrEP. You can share experiences.

- **Set Reminders:** Use your phone or calendar to set daily reminders for taking your medication.

- **Use a Pill Organizer:** This helps you see if you've taken your dose for the day.

Staying connected with others can help you stay on track!",English,0
