conversation_id,turn_1,turn_2,turn_3,turn_4,turn_5,turn_6,turn_7,turn_8,turn_9,turn_10,turn_11,turn_12,turn_13,turn_14,turn_15,turn_16,turn_17,turn_18,turn_19,turn_20,turn_21,turn_22,turn_23,turn_24,turn_25,turn_26,turn_27,turn_28,turn_29,turn_30,turn_31,turn_32,turn_33,turn_34,turn_35,turn_36,turn_37,turn_38,turn_39,turn_40,turn_41,turn_42,turn_43,turn_44,turn_45,turn_46,turn_47,turn_48,turn_49,turn_50,turn_51,turn_52,turn_53,turn_54,turn_55,turn_56,turn_57,turn_58,turn_59,turn_60,turn_61,turn_62,turn_63,turn_64,turn_65,turn_66,turn_67,turn_68,turn_69,turn_70,turn_71,turn_72,turn_73,turn_74,turn_75,turn_76,turn_77,turn_78,turn_79,turn_80,turn_81,turn_82,turn_83,turn_84,turn_85,turn_86,turn_87,turn_88,turn_89,turn_90,turn_91,turn_92,turn_93,turn_94,turn_95,turn_96,turn_97,turn_98,turn_99,turn_100,turn_101,turn_102,turn_103,turn_104,turn_105,turn_106,turn_107,turn_108,turn_109,turn_110,turn_111,turn_112,turn_113,turn_114,turn_115,turn_116,turn_117,turn_118,turn_119,turn_120,turn_121,turn_122,turn_123,turn_124,turn_125,turn_126,turn_127,turn_128,turn_129,turn_130,turn_131,turn_132,turn_133,turn_134,turn_135,turn_136,turn_137,turn_138,turn_139,turn_140,turn_141,turn_142,turn_143,turn_144,turn_145,turn_146,turn_147,turn_148,turn_149,turn_150,turn_151,turn_152,turn_153,turn_154,turn_155,turn_156,turn_157,turn_158,turn_159,turn_160,turn_161,turn_162,turn_163,turn_164,turn_165,turn_166,turn_167,turn_168,turn_169,turn_170,turn_171,turn_172,turn_173,turn_174,turn_175,turn_176,turn_177,turn_178,turn_179,turn_180,turn_181,turn_182,turn_183,turn_184,turn_185,turn_186,turn_187,turn_188,turn_189,turn_190,turn_191,turn_192,turn_193,turn_194,turn_195,turn_196,turn_197,turn_198,turn_199,turn_200,turn_201,turn_202,turn_203,turn_204,turn_205,turn_206,turn_207,turn_208,turn_209,turn_210,turn_211,turn_212,turn_213,turn_214,turn_215,turn_216,turn_217,turn_218,turn_219,turn_220,turn_221,turn_222,turn_223,turn_224,turn_225,turn_226,turn_227,turn_228,turn_229,turn_230,turn_231,turn_232,turn_233,turn_234,turn_235,turn_236,turn_237,turn_238,turn_239,turn_240,turn_241,turn_242,turn_243,turn_244,turn_245,turn_246,turn_247,turn_248,turn_249,turn_250,turn_251,turn_252,turn_253,turn_254,turn_255,turn_256,turn_257,turn_258,turn_259,turn_260,turn_261,turn_262,turn_263,turn_264,turn_265,turn_266,turn_267,turn_268,turn_269,turn_270,turn_271,turn_272,turn_273,turn_274,turn_275,turn_276,turn_277,turn_278,turn_279,turn_280,turn_281,turn_282,turn_283,turn_284,turn_285,turn_286,turn_287,turn_288,turn_289,turn_290,turn_291,turn_292,turn_293,turn_294,turn_295,turn_296,turn_297,turn_298,turn_299,turn_300,turn_301,turn_302,turn_303,turn_304,turn_305,turn_306,turn_307,turn_308,turn_309,turn_310,turn_311,turn_312,turn_313,turn_314,turn_315,turn_316,turn_317,turn_318,turn_319,turn_320,turn_321,turn_322,turn_323,turn_324,turn_325,turn_326,turn_327,turn_328,turn_329,turn_330,turn_331,turn_332,turn_333,turn_334,turn_335,turn_336,turn_337,turn_338,turn_339,turn_340,turn_341,turn_342,turn_343,turn_344,turn_345,turn_346,turn_347,turn_348,turn_349,turn_350,turn_351,turn_352,turn_353,turn_354,turn_355,turn_356,turn_357,turn_358,turn_359,turn_360,turn_361,turn_362,turn_363,turn_364,turn_365,turn_366,turn_367,turn_368,turn_369,turn_370,turn_371,turn_372,turn_373,turn_374,turn_375,turn_376,turn_377,turn_378,turn_379,turn_380,turn_381,turn_382,turn_383,turn_384,turn_385,turn_386,turn_387,turn_388,turn_389,turn_390,turn_391,turn_392,turn_393,turn_394,turn_395,turn_396,turn_397,turn_398,turn_399,turn_400,turn_401,turn_402,turn_403,turn_404,turn_405,turn_406,turn_407,turn_408,turn_409,turn_410,turn_411,turn_412,turn_413,turn_414,turn_415,turn_416,turn_417,turn_418,turn_419,turn_420,turn_421,turn_422,turn_423,turn_424,turn_425,turn_426,turn_427,turn_428,turn_429,turn_430,turn_431,turn_432,turn_433,turn_434,turn_435,turn_436,turn_437,turn_438,turn_439,turn_440,turn_441,turn_442,turn_443,turn_444,turn_445,turn_446,turn_447,turn_448,turn_449,turn_450,turn_451,turn_452,turn_453,turn_454,turn_455,turn_456,turn_457,turn_458,turn_459,turn_460,turn_461,turn_462,turn_463,turn_464,turn_465,turn_466,turn_467,turn_468,turn_469,turn_470,turn_471,turn_472,turn_473,turn_474,turn_475,turn_476,turn_477,turn_478,turn_479,turn_480,turn_481,turn_482,turn_483,turn_484,turn_485,turn_486,turn_487,turn_488,turn_489,turn_490,turn_491,turn_492,turn_493,turn_494,turn_495,turn_496,turn_497,turn_498,turn_499,turn_500
conv_000,8.5,9.0,8.5,8.5,9.0,8.5,9.0,8.5,9.0,9.0,8.5,9.0,8.5,8.5,8.5,8.5,8.5,9.0,8.5,9.0,8.5,8.5,8.5,9.0,8.5,9.0,8.5,8.5,9.0,9.0
conv_001,8.5,8.5,8.5,9.0,8.5,8.5,8.5,8.5,9.0,8.5,9.0,8.5,9.0,8.5,9.0,8.5,8.5,8.5,8.5,8.5,8.5,8.5,8.5,9.0,8.5,8.5,7.5,8.5,8.5,8.5
conv_002,8.5,8.5,9.0,8.5,8.5,9.0,8.5,8.5,9.0,8.5,8.5,8.5,8.5,8.5,9.0,8.5,9.0,8.5,8.5,8.5,9.0,8.5,8.5,8.5,8.5,8.5,9.0,8.5,9.0,8.5
conv_003,8.5,8.5,9.0,8.5,8.5,9.0,8.5,8.5,9.0,9.0,8.5,8.5,8.5,8.5,8.5,9.0,8.5,8.5,9.0,9.0,8.5,8.5,9.0,9.0,8.5,8.5,8.5,8.5,8.5,8.5
conv_004,9.0,8.5,9.0,8.5,9.0,9.0,9.0,8.5,9.0,9.0,9.0,8.5,8.5,9.0,9.0,9.0,8.5,9.0,9.0,9.0,8.5,9.0,9.0,9.0,9.0,8.5,9.0,9.0,9.0,9.0
conv_005,8.5,9.0,9.0,9.0,9.0,9.0,8.5,9.0,9.0,9.0,9.0,9.0,9.0,8.5,9.0,9.0,9.0,9.0,9.0,9.0,9.0,9.0,9.0,9.0,8.5,9.0,9.0,9.0,9.0,9.0
conv_006,8.5,8.5,8.5,8.5,8.5,8.5,9.0,8.5,8.5,8.5,8.5,8.5,8.5,9.0,8.5,8.5,8.5,8.5,8.5,8.5,9.0,8.5,8.5,8.5,8.5,6.5,8.5,8.5,8.5,8.5
conv_007,9.0,9.0,8.5,8.5,8.5,8.5,9.0,9.0,8.5,9.0,8.5,9.0,9.0,8.5,9.0,8.5,9.0,8.5,9.0,8.5,9.0,8.5,8.5,8.5,8.5,8.5,9.0,9.0,8.5,9.0
conv_008,7.5,8.5,8.5,8.5,9.0,9.0,9.0,9.0,9.0,9.0,9.0,9.0,9.0,9.0,9.0,8.5,8.5,9.0,9.0,9.0,9.0,8.5,8.5,8.5,9.0,8.5,9.0,9.0,8.5,9.0
conv_009,8.5,7.5,8.5,8.5,8.5,8.5,8.5,8.5,8.5,8.5,9.0,8.5,8.5,8.5,9.0,8.5,8.5,8.5,9.0,8.5,9.0,8.5,8.5,8.5,8.5,8.5,9.0,8.5,9.0,8.5
conv_010,8.5,8.5,8.5,9.0,8.5,8.5,8.5,7.5,9.0,8.5,8.5,8.5,8.5,7.5,7.5,8.5,8.5,8.5,8.5,9.0,8.5,8.5,8.5,7.5,9.0,8.5,8.5,8.5,8.5,7.5
conv_011,8.5,8.5,8.5,8.5,7.5,8.5,8.5,8.5,8.5,8.5,8.5,9.0,8.5,9.0,9.0,7.5,8.5,8.5,7.5,8.5,8.5,8.5,8.5,8.5,8.5,8.5,8.5,9.0,7.5,7.5
conv_012,9.0,9.0,9.0,9.0,9.0,9.0,9.0,9.0,9.0,9.0,9.0,9.0,9.0,9.0,8.5,9.0,9.0,9.0,9.0,9.0,9.0,9.0,9.0,9.0,9.0,9.0,9.0,9.0,9.0,9.0
conv_013,8.5,8.5,9.0,9.0,9.0,8.5,8.5,8.5,8.5,9.0,8.5,8.5,9.0,8.5,9.0,8.5,8.5,9.0,9.0,8.5,8.5,9.0,9.0,9.0,9.0,8.5,9.0,8.5,9.0,9.0
conv_014,9.0,8.5,9.0,9.0,9.0,9.0,9.0,9.0,9.0,9.0,9.0,9.0,9.0,9.0,8.5,9.0,8.5,9.0,9.0,8.5,8.5,9.0,8.5,9.0,9.0,9.0,8.5,9.0,9.0,9.0
conv_015,8.5,8.5,9.0,9.0,8.5,9.0,8.5,8.5,9.0,8.5,8.5,8.5,9.0,9.0,8.5,7.5,8.5,9.0,8.5,9.0,9.0,8.5,9.0,7.5,9.0,7.5,8.5,9.0,7.5,9.0
conv_016,9.0,8.5,9.0,8.5,9.0,8.5,9.0,8.5,9.0,8.5,8.5,8.5,9.0,8.5,9.0,9.0,8.5,9.0,8.5,9.0,8.5,8.5,8.5,9.0,8.5,8.5,8.5,9.0,8.5,9.0
conv_017,9.0,9.0,9.0,9.0,9.0,9.0,9.0,9.0,9.0,9.0,9.0,9.0,9.0,9.0,9.0,9.0,9.0,9.0,9.0,8.5,9.0,9.0,9.0,9.0,9.0,9.0,9.0,9.0,9.0,9.0
conv_018,9.0,9.0,9.0,8.5,9.0,8.5,9.0,8.5,9.0,8.5,6.5,9.0,8.5,9.0,8.5,8.5,9.0,9.0,8.5,8.5,7.5,9.0,9.0,9.0,8.5,9.0,7.5,8.5,9.0,9.0
conv_019,9.0,8.5,9.0,9.0,9.0,9.0,9.0,9.0,9.0,9.0,9.0,9.0,8.5,9.0,9.0,9.0,8.5,9.0,9.0,9.0,9.0,8.5,9.0,9.0,9.0,9.0,9.0,8.5,9.0,9.0
conv_020,9.0,9.0,8.5,9.0,9.0,9.0,8.5,9.0,9.0,9.0,8.5,9.0,9.0,9.0,9.0,9.0,9.0,9.0,9.0,8.5,8.5,9.0,9.0,8.5,8.5,9.0,9.0,9.0,8.5,9.0
conv_021,9.0,9.0,9.0,9.0,9.0,9.0,9.0,8.5,8.5,9.0,9.0,9.0,9.0,8.5,9.0,9.0,8.5,9.0,8.5,9.0,8.5,9.0,8.5,9.0,8.5,8.5,9.0,8.5,9.0,9.0
conv_022,8.5,9.0,8.5,8.5,8.5,8.5,8.5,8.5,9.0,8.5,9.0,8.5,9.0,8.5,9.0,8.5,9.0,8.5,9.0,9.0,9.0,9.0,9.0,8.5,9.0,8.5,8.5,9.0,8.5,8.5
conv_023,8.5,9.0,9.0,9.0,8.5,8.5,9.0,9.0,9.0,9.0,9.0,8.5,9.0,8.5,8.5,9.0,8.5,8.5,9.0,8.5,9.0,9.0,9.0,9.0,9.0,8.5,9.0,9.0,8.5,9.0
conv_024,9.0,8.5,9.0,8.5,8.5,8.5,7.5,8.5,8.5,8.5,7.5,8.5,8.5,8.5,8.5,8.5,8.5,8.5,8.5,8.5,8.5,8.5,8.5,8.5,8.5,8.5,8.5,8.5,8.5,8.5
conv_025,7.5,8.5,8.5,9.0,8.5,8.5,8.5,8.5,8.5,9.0,9.0,9.0,9.0,8.5,8.5,8.5,9.0,9.0,9.0,9.0,9.0,9.0,9.0,8.5,8.5,8.5,9.0,8.5,9.0,9.0
conv_026,8.5,8.5,8.5,8.5,8.5,7.5,8.5,8.5,8.5,8.5,8.5,8.5,8.5,8.5,8.5,8.5,9.0,8.5,9.0,8.5,8.5,8.5,8.5,8.5,8.5,8.5,8.5,8.5,8.5,8.5
conv_027,8.5,8.5,8.5,8.5,8.5,8.5,8.5,8.5,8.5,9.0,8.5,8.5,8.5,8.5,8.5,8.5,8.5,8.5,8.5,8.5,8.5,8.5,8.5,8.5,8.5,8.5,8.5,8.5,8.5,7.5
conv_028,8.5,9.0,9.0,9.0,9.0,8.5,9.0,9.0,9.0,9.0,8.5,9.0,9.0,8.5,9.0,9.0,9.0,9.0,9.0,9.0,9.0,9.0,8.5,9.0,9.0,8.5,9.0,8.5,9.0,9.0
conv_029,9.0,9.0,9.0,9.0,9.0,9.0,9.0,9.0,9.0,9.0,8.5,9.0,9.0,8.5,9.0,9.0,8.5,9.0,9.0,9.0,9.0,9.0,9.0,9.0,9.0,9.0,9.0,9.0,9.0,9.0
conv_030,9.0,9.0,9.0,9.0,9.0,9.0,9.0,9.0,9.0,9.0,9.0,9.0,9.0,9.0,8.5,8.5,9.0,9.0,9.0,9.0,9.0,9.0,9.0,8.5,9.0,9.0,9.0,8.5,9.0,9.0
conv_031,8.5,8.5,8.5,8.5,8.5,8.5,8.5,8.5,9.0,9.0,9.0,8.5,9.0,8.5,8.5,9.0,8.5,8.5,8.5,8.5,8.5,9.0,8.5,9.0,8.5,8.5,8.5,9.0,8.5,9.0
conv_032,9.0,9.0,9.0,9.0,9.0,9.0,9.0,9.0,9.0,9.0,9.0,9.0,9.0,9.0,9.0,9.0,9.0,8.5,9.0,8.5,9.0,9.0,9.0,9.0,9.0,9.0,9.0,9.0,9.0,9.0
conv_033,9.0,9.0,8.5,9.0,9.0,9.0,9.0,9.0,8.5,8.5,8.5,9.0,8.5,9.0,9.0,8.5,9.0,9.0,9.0,9.0,9.0,9.0,9.0,9.0,8.5,9.0,8.5,8.5,9.0,8.5
conv_034,9.0,9.0,8.5,8.5,9.0,9.0,8.5,8.5,8.5,8.5,9.0,8.5,9.0,8.5,9.0,9.0,9.0,8.5,8.5,8.5,9.0,9.0,8.5,8.5,8.5,8.5,8.5,8.5,8.5,9.0
conv_035,8.5,9.0,9.0,9.0,9.0,9.0,9.0,9.0,9.0,9.0,9.0,9.0,9.0,9.0,9.0,9.0,9.0,9.0,9.0,9.0,9.0,9.0,9.0,9.0,9.0,9.0,9.0,9.0,9.0,9.0
conv_036,8.5,8.5,8.5,7.5,8.5,9.0,8.5,9.0,9.0,8.5,8.5,8.5,9.0,8.5,8.5,8.5,8.5,9.0,8.5,8.5,7.5,8.5,8.5,8.5,8.5,8.5,8.5,8.5,8.5,8.5
conv_037,8.5,8.5,8.5,8.5,9.0,8.5,9.0,8.5,9.0,8.5,9.0,8.5,8.5,8.5,8.5,9.0,8.5,9.0,8.5,8.5,8.5,9.0,8.5,9.0,8.5,9.0,8.5,8.5,9.0,8.5
conv_038,9.0,9.0,9.0,9.0,9.0,9.0,9.0,9.0,9.0,9.0,9.0,9.0,9.0,9.0,9.0,9.0,9.0,9.0,9.0,9.0,9.0,9.0,9.0,9.0,9.0,9.0,9.0,9.0,9.0,9.0
conv_039,9.0,8.5,9.0,8.5,8.5,8.5,8.5,9.0,9.0,9.0,8.5,8.5,9.0,9.0,9.0,9.0,9.0,8.5,9.0,9.0,9.0,8.5,8.5,9.0,8.5,9.0,8.5,8.5,9.0,9.0
conv_040,8.5,9.0,9.0,9.0,9.0,8.5,9.0,9.0,8.5,9.0,9.0,9.0,9.0,9.0,9.0,9.0,8.5,9.0,9.0,9.0,9.0,9.0,9.0,9.0,8.5,9.0,9.0,9.0,9.0,9.0
conv_041,8.5,9.0,8.5,9.0,9.0,8.5,9.0,9.0,8.5,9.0,9.0,8.5,9.0,8.5,9.0,9.0,9.0,9.0,9.0,9.0,9.0,8.5,9.0,9.0,8.5,8.5,9.0,8.5,9.0,9.0
conv_042,8.5,8.5,8.5,9.0,9.0,9.0,9.0,8.5,9.0,8.5,9.0,8.5,9.0,9.0,7.5,9.0,9.0,8.5,7.5,8.5,9.0,7.5,9.0,9.0,8.5,9.0,9.0,8.5,9.0,8.5
conv_043,8.5,8.5,7.5,8.5,8.5,8.5,9.0,8.5,9.0,8.5,8.5,8.5,8.5,8.5,8.5,8.5,9.0,8.5,8.5,8.5,9.0,8.5,8.5,8.5,8.5,8.5,8.5,9.0,9.0,8.5
conv_044,9.0,8.5,9.0,8.5,9.0,9.0,9.0,9.0,9.0,9.0,9.0,9.0,9.0,8.5,8.5,8.5,8.5,8.5,9.0,8.5,9.0,9.0,9.0,8.5,9.0,8.5,8.5,9.0,8.5,9.0
conv_045,9.0,8.5,9.0,9.0,9.0,9.0,9.0,9.0,9.0,9.0,9.0,9.0,9.0,9.0,9.0,9.0,9.0,9.0,9.0,9.0,9.0,9.0,9.0,9.0,9.0,9.0,9.0,9.0,9.0,9.0
conv_046,8.5,8.5,8.5,9.0,8.5,8.5,8.5,9.0,9.0,8.5,9.0,8.5,9.0,9.0,8.5,9.0,9.0,8.5,9.0,9.0,9.0,8.5,9.0,8.5,9.0,8.5,9.0,8.5,9.0,8.5
conv_047,8.5,9.0,9.0,9.0,9.0,9.0,9.0,9.0,9.0,9.0,9.0,9.0,9.0,9.0,9.0,9.0,9.0,9.0,9.0,9.0,9.0,9.0,9.0,9.0,9.0,9.0,9.0,9.0,9.0,9.0
conv_048,9.0,9.0,8.5,9.0,9.0,9.0,9.0,9.0,9.0,9.0,9.0,8.5,9.0,9.0,9.0,9.0,8.5,9.0,9.0,9.0,9.0,8.5,9.0,9.0,9.0,8.5,9.0,9.0,9.0,9.0
conv_049,9.0,9.0,9.0,9.0,9.0,9.0,9.0,9.0,9.0,9.0,8.5,9.0,9.0,9.0,9.0,8.5,8.5,9.0,9.0,8.5,9.0,8.5,9.0,9.0,9.0,8.5,9.0,9.0,9.0,9.0
conv_050,9.0,9.0,8.5,9.0,9.0,9.0,9.0,9.0,9.0,9.0,9.0,8.5,8.5,9.0,9.0,9.0,8.5,9.0,8.5,8.5,8.5,8.5,8.5,9.0,9.0,9.0,9.0,8.5,9.0,8.5
conv_051,9.0,8.5,7.5,8.5,8.5,8.5,8.5,8.5,8.5,8.5,8.5,8.5,8.5,7.5,8.5,8.5,9.0,9.0,8.5,9.0,8.5,7.5,8.5,8.5,9.0,8.5,8.5,8.5,8.5,8.5
conv_052,8.5,9.0,9.0,9.0,8.5,8.5,9.0,8.5,9.0,9.0,9.0,8.5,8.5,9.0,9.0,9.0,9.0,8.5,9.0,9.0,8.5,8.5,8.5,9.0,9.0,9.0,8.5,9.0,8.5,8.5
conv_053,9.0,8.5,9.0,9.0,9.0,9.0,8.5,9.0,9.0,9.0,9.0,9.0,9.0,9.0,8.5,9.0,9.0,9.0,9.0,9.0,9.0,9.0,9.0,8.5,9.0,9.0,8.5,9.0,9.0,9.0
conv_054,8.5,8.5,9.0,9.0,9.0,8.5,9.0,9.0,9.0,9.0,8.5,9.0,9.0,9.0,9.0,9.0,9.0,9.0,9.0,9.0,9.0,9.0,9.0,9.0,9.0,9.0,9.0,9.0,9.0,9.0
conv_055,9.0,9.0,9.0,9.0,9.0,9.0,9.0,9.0,8.5,9.0,9.0,9.0,9.0,9.0,9.0,9.0,8.5,9.0,9.0,9.0,9.0,9.0,9.0,9.0,8.5,9.0,9.0,8.5,9.0,9.0
conv_056,7.5,8.5,8.5,8.5,8.5,9.0,8.5,9.0,8.5,8.5,8.5,8.5,8.5,8.5,8.5,6.5,9.0,8.5,9.0,8.5,8.5,8.5,8.5,8.5,8.5,8.5,8.5,8.5,8.5,8.5
conv_057,9.0,9.0,8.5,8.5,8.5,9.0,8.5,9.0,9.0,9.0,9.0,9.0,8.5,9.0,8.5,9.0,8.5,8.5,9.0,8.5,9.0,8.5,9.0,8.5,9.0,9.0,8.5,8.5,8.5,8.5
conv_058,8.5,8.5,8.5,9.0,9.0,8.5,9.0,9.0,8.5,8.5,9.0,8.5,8.5,8.5,9.0,8.5,9.0,9.0,9.0,8.5,8.5,9.0,8.5,9.0,9.0,9.0,8.5,9.0,9.0,9.0
conv_059,9.0,9.0,9.0,9.0,8.5,9.5,9.0,9.0,8.5,9.0,8.5,9.0,9.0,9.0,9.0,9.0,9.0,8.5,9.0,8.5,9.0,9.0,8.5,9.0,8.5,9.0,8.5,9.5,8.5,9.0
conv_060,9.0,9.0,8.5,9.0,9.0,8.5,9.0,9.0,9.0,9.0,9.0,9.0,9.0,9.0,8.5,9.0,8.5,9.0,8.5,9.0,9.0,9.0,8.5,9.0,8.5,9.0,9.0,8.5,9.0,9.0
conv_061,7.5,9.0,9.0,9.0,9.0,9.0,9.0,8.5,9.0,8.5,9.0,9.0,8.5,9.0,9.0,8.5,9.0,8.5,8.5,9.0,8.5,9.0,7.5,8.5,9.0,8.5,8.5,8.5,9.0,8.5
conv_062,8.5,8.5,7.5,8.5,8.5,7.5,8.5,7.5,8.5,8.5,6.5,8.5,8.5,8.5,6.5,8.5,8.5,8.5,8.5,8.5,9.0,8.5,8.5,8.5,8.5,8.5,6.5,8.5,8.5,8.5
conv_063,9.0,9.0,8.5,9.0,9.0,9.0,9.0,8.5,8.5,9.0,9.0,9.0,9.0,9.0,9.0,9.0,8.5,9.0,8.5,9.0,8.5,8.5,9.0,8.5,8.5,9.0,9.0,9.0,9.0,8.5
conv_064,9.0,9.0,9.0,8.5,9.0,8.5,8.5,8.5,9.0,8.5,8.5,9.0,9.0,8.5,8.5,9.0,9.0,9.0,8.5,8.5,8.5,8.5,9.0,8.5,9.0,9.0,9.0,9.0,9.0,9.0
conv_065,8.5,8.5,8.5,8.5,8.5,8.5,9.0,8.5,8.5,8.5,8.5,8.5,9.0,9.0,8.5,8.5,8.5,9.0,8.5,9.0,8.5,8.5,8.5,7.5,9.0,8.5,8.5,8.5,8.5,8.5
conv_066,8.5,8.5,9.0,8.5,8.5,8.5,9.0,8.5,8.5,9.0,9.0,8.5,9.0,8.5,8.5,9.0,9.0,9.0,9.0,8.5,9.0,8.5,9.0,9.0,9.0,9.0,9.0,8.5,8.5,8.5
conv_067,8.5,8.5,8.5,8.5,8.5,8.5,8.5,8.5,8.5,8.5,8.5,8.5,9.0,8.5,8.5,8.5,8.5,8.5,8.5,9.0,9.0,8.5,9.0,8.5,9.0,9.0,8.5,9.0,8.5,8.5
conv_068,8.5,9.0,9.0,9.0,8.5,9.0,8.5,9.0,8.5,9.0,8.5,9.0,9.0,8.5,8.5,8.5,8.5,8.5,9.0,9.0,9.0,8.5,8.5,9.0,8.5,8.5,9.0,8.5,9.0,8.5
conv_069,8.5,8.5,8.5,8.5,8.5,8.5,8.5,8.5,8.5,8.5,8.5,9.0,8.5,9.0,8.5,9.0,8.5,9.0,8.5,8.5,9.0,8.5,9.0,8.5,8.5,8.5,9.0,8.5,8.5,8.5
conv_070,9.0,9.0,9.0,9.0,9.0,9.0,8.5,9.0,9.0,9.0,9.0,9.0,8.5,9.0,9.0,9.0,8.5,9.0,9.0,9.0,9.0,9.0,9.0,9.0,9.0,9.0,9.0,9.0,9.0,8.5
conv_071,8.5,8.5,7.5,7.5,9.0,7.5,9.0,9.0,8.5,9.0,8.5,8.5,8.5,8.5,8.5,8.5,8.5,8.5,8.5,9.0,8.5,9.0,8.5,8.5,8.5,7.5,8.5,9.0,8.5,8.5
conv_072,9.0,9.0,9.0,9.0,9.0,8.5,9.0,9.0,9.0,9.0,9.0,9.0,9.0,9.0,9.0,9.0,9.0,8.5,9.0,9.0,9.0,9.0,9.0,9.0,9.0,9.0,8.5,9.0,8.5,9.0
conv_073,9.0,9.0,9.0,8.5,9.0,9.0,9.0,9.0,9.0,9.0,9.0,9.0,9.0,9.0,9.0,9.0,8.5,8.5,9.5,8.5,8.5,8.5,9.0,8.5,8.5,9.0,9.0,9.0,9.0,9.0
conv_074,8.5,9.0,9.0,8.5,8.5,8.5,8.5,9.0,9.0,9.0,9.0,8.5,8.5,9.0,9.0,9.0,8.5,9.0,9.0,9.0,8.5,8.5,9.0,8.5,9.0,9.0,9.0,8.5,9.0,9.0
conv_075,8.5,8.5,9.0,8.5,8.5,9.0,8.5,8.5,8.5,9.0,8.5,9.0,9.0,8.5,8.5,8.5,8.5,7.5,8.5,8.5,8.5,8.5,9.0,8.5,8.5,8.5,8.5,8.5,9.0,9.0
conv_076,8.5,9.0,8.5,8.5,8.5,8.5,9.0,8.5,8.5,8.5,8.5,8.5,8.5,6.5,8.5,9.0,8.5,8.5,8.5,8.5,8.5,8.5,8.5,9.0,9.0,9.0,8.5,8.5,8.5,9.0
conv_077,9.0,9.0,8.5,9.0,9.0,9.0,9.0,9.0,9.0,9.0,9.0,9.0,9.0,7.5,8.5,9.0,9.0,9.0,9.0,9.0,8.5,9.0,8.5,9.0,8.5,9.0,9.0,9.0,9.0,8.5
conv_078,8.5,9.0,8.5,9.0,9.0,9.0,9.0,9.0,9.0,9.0,9.0,9.0,9.0,9.0,9.0,9.0,9.0,9.0,9.0,9.0,8.5,9.0,9.0,9.0,9.0,9.0,9.0,8.5,9.0,9.0
conv_079,9.0,9.0,9.0,9.0,9.0,9.0,9.0,9.0,9.0,9.0,9.0,9.0,9.0,9.0,9.0,9.0,9.0,9.0,9.0,9.0,9.0,9.0,9.5,9.0,9.0,9.0,9.0,9.0,9.0,9.0
conv_080,8.5,9.0,8.5,9.0,8.5,9.0,8.5,8.5,8.5,9.0,8.5,9.0,9.0,9.0,9.0,9.0,9.0,8.5,8.5,9.0,8.5,9.0,9.0,8.5,8.5,9.0,8.5,9.0,9.0,9.0
conv_081,9.0,8.5,8.5,8.5,8.5,8.5,8.5,8.5,8.5,8.5,9.0,8.5,8.5,8.5,8.5,8.5,9.0,9.0,7.5,9.0,8.5,8.5,8.5,9.0,8.5,8.5,8.5,9.0,9.0,8.5
conv_082,9.0,9.0,9.0,8.5,9.0,9.0,9.0,8.5,8.5,9.0,8.5,9.0,9.0,9.0,9.0,9.0,9.0,9.0,9.0,9.0,9.0,9.0,8.5,8.5,9.0,9.0,9.0,9.0,9.0,9.0
conv_083,8.5,8.5,9.0,9.0,8.5,9.0,8.5,8.5,8.5,8.5,9.0,9.0,9.0,8.5,9.0,9.0,8.5,9.0,9.0,9.0,9.0,9.0,9.0,9.0,9.0,8.5,9.0,9.0,8.5,8.5
conv_084,8.5,8.5,8.5,8.5,8.5,8.5,8.5,8.5,8.5,8.5,8.5,7.5,9.0,8.5,8.5,9.0,8.5,8.5,8.5,8.5,7.5,8.5,8.5,8.5,9.0,9.0,8.5,9.0,8.5,8.5
conv_085,9.0,9.0,9.0,9.0,9.0,8.5,9.0,9.0,9.0,9.0,9.0,9.0,9.0,9.0,8.5,9.0,9.0,9.0,9.0,9.0,9.0,9.0,9.0,9.0,8.5,9.0,9.0,9.0,9.0,9.0
conv_086,9.0,8.5,9.0,9.0,9.0,8.5,9.0,9.0,8.5,9.0,9.0,8.5,9.0,9.0,9.0,8.5,9.0,9.0,9.0,8.5,8.5,9.0,8.5,8.5,9.0,8.5,9.0,8.5,9.0,9.0
conv_087,8.5,9.0,7.5,8.5,8.5,9.0,8.5,8.5,7.5,8.5,9.0,8.5,9.0,8.5,9.0,8.5,8.5,9.0,8.5,8.5,9.0,8.5,8.5,8.5,8.5,9.0,8.5,8.5,9.0,8.5
conv_088,8.5,8.5,8.5,8.5,7.5,8.5,9.0,8.5,8.5,8.5,9.0,8.5,8.5,9.0,8.5,8.5,8.5,8.5,8.5,8.5,9.0,8.5,8.5,8.5,8.5,8.5,8.5,8.5,8.5,8.5
conv_089,7.5,8.5,9.0,8.5,9.0,8.5,9.0,9.0,9.0,9.0,9.0,8.5,9.0,8.5,8.5,8.5,9.0,9.0,9.0,9.0,9.0,8.5,9.0,8.5,8.5,9.0,8.5,9.0,9.0,8.5
conv_090,9.0,8.5,9.0,8.5,8.5,9.0,8.5,8.5,8.5,8.5,8.5,8.5,8.5,9.0,9.0,7.5,8.5,8.5,8.5,9.0,8.5,8.5,8.5,8.5,9.0,8.5,8.5,8.5,8.5,8.5
conv_091,8.5,8.5,8.5,9.0,8.5,8.5,8.5,8.5,7.5,8.5,8.5,8.5,9.0,8.5,9.0,9.0,8.5,8.5,9.0,9.0,8.5,9.0,9.0,8.5,9.0,9.0,8.5,9.0,8.5,8.5
conv_092,8.5,8.5,8.5,8.5,8.5,8.5,8.5,8.5,9.0,8.5,8.5,8.5,8.5,9.0,8.5,8.5,8.5,8.5,8.5,9.0,8.5,8.5,8.5,8.5,8.5,8.5,8.5,8.5,8.5,8.5
conv_093,9.0,9.0,9.0,9.0,9.0,9.0,9.0,8.5,9.0,9.0,9.0,9.0,9.0,9.0,9.0,9.0,9.0,9.0,9.0,9.0,9.0,9.0,9.0,9.0,9.0,8.5,9.0,9.0,9.0,9.0
conv_094,9.0,8.5,8.5,9.0,9.0,8.5,8.5,9.0,9.0,9.0,9.0,9.0,9.0,9.0,9.0,8.5,8.5,7.5,8.5,9.0,9.0,8.5,8.5,8.5,9.0,8.5,8.5,9.0,8.5,8.5
conv_095,9.0,9.0,9.0,9.0,9.0,8.5,8.5,9.0,9.0,9.0,9.0,8.5,8.5,8.5,9.0,8.5,8.5,9.0,8.5,9.0,9.0,9.5,9.0,9.0,9.0,8.5,9.0,9.0,9.0,9.0
conv_096,8.5,9.0,8.5,8.5,8.5,8.5,8.5,9.0,8.5,8.5,8.5,8.5,8.5,9.0,7.5,8.5,7.5,9.0,8.5,8.5,8.5,9.0,9.0,8.5,8.5,8.5,8.5,8.5,8.5,8.5
conv_097,9.0,8.5,9.0,8.5,9.0,9.0,9.0,8.5,9.0,8.5,9.0,8.5,9.0,9.0,8.5,8.5,9.0,9.0,9.0,9.0,9.0,8.5,9.0,9.0,9.0,9.0,9.0,9.0,9.0,9.0
conv_098,9.0,9.0,9.0,9.0,9.0,9.0,9.0,9.0,9.0,8.5,9.0,8.5,9.0,9.0,8.5,9.0,9.0,9.0,9.0,9.0,9.0,9.0,9.0,9.0,9.0,9.0,9.0,9.0,9.0,9.0
conv_099,8.5,9.0,9.0,9.0,8.5,9.0,8.5,9.0,9.0,9.0,9.0,9.0,9.0,9.0,9.0,9.0,9.0,8.5,8.5,9.0,9.0,9.0,9.0,9.0,8.5,9.0,9.0,9.0,9.0,9.0
conv_100,8.5,9.0,9.0,9.0,9.0,9.0,8.5,9.0,9.0,9.0,9.0,9.0,9.0,9.0,9.0,9.0,9.0,9.0,9.0,9.0,9.0,9.0,9.0,9.0,8.5,9.0,9.0,9.0,9.0,9.0
conv_101,8.5,8.5,9.0,8.5,8.5,8.5,8.5,9.0,8.5,8.5,8.5,8.5,9.0,9.0,8.5,8.5,8.5,9.0,8.5,9.0,8.5,8.5,7.5,8.5,8.5,9.0,8.5,8.5,8.5,8.5
conv_102,8.5,9.0,8.5,9.0,8.5,8.5,8.5,8.5,9.0,8.5,8.5,9.0,8.5,8.5,9.0,8.5,9.0,8.5,9.0,8.5,9.0,9.0,8.5,8.5,8.5,8.5,8.5,8.5,8.5,8.5
conv_103,7.5,8.5,8.5,7.5,8.5,8.5,7.5,8.5,7.5,8.5,8.5,8.5,8.5,9.0,7.5,8.5,7.5,8.5,7.5,9.0,8.5,8.5,8.5,9.0,8.5,8.5,8.5,8.5,7.5,8.5
conv_104,8.5,9.0,9.0,9.0,8.5,8.5,8.5,9.0,9.0,8.5,8.5,9.0,9.0,9.0,8.5,8.5,9.0,8.5,8.5,9.0,8.5,8.5,8.5,9.0,8.5,9.0,9.0,8.5,7.5,8.5
conv_105,9.0,9.0,9.0,9.0,9.0,9.0,9.0,9.0,9.0,8.5,9.0,9.0,9.0,8.5,9.0,9.0,9.0,9.0,8.5,9.0,9.0,8.5,9.0,9.0,9.0,9.0,9.0,9.0,9.0,9.0
conv_106,6.5,7.5,8.5,8.5,9.0,8.5,8.5,8.5,8.5,9.0,9.0,8.5,8.5,9.0,7.5,9.0,9.0,8.5,9.0,8.5,8.5,8.5,8.5,6.5,8.5,8.5,8.5,8.5,8.5,8.5
conv_107,8.5,8.5,7.5,8.5,8.5,8.5,8.5,8.5,9.0,8.5,8.5,8.5,8.5,8.5,8.5,8.5,8.5,8.5,9.0,8.5,8.5,7.5,8.5,7.5,8.5,8.5,8.5,8.5,8.5,8.5
conv_108,9.0,9.0,9.0,8.5,9.0,7.5,9.0,8.5,9.0,9.0,8.5,9.0,8.5,9.0,9.0,9.0,9.0,8.5,8.5,8.5,9.0,9.0,8.5,8.5,8.5,8.5,9.0,9.0,9.0,8.5
conv_109,8.5,8.5,9.0,8.5,8.5,8.5,9.0,7.5,9.0,9.0,9.0,8.5,8.5,8.5,9.0,8.5,9.0,8.5,9.0,8.5,8.5,8.5,9.0,9.0,8.5,9.0,9.0,8.5,8.5,9.0
conv_110,7.5,8.5,8.5,8.5,8.5,8.5,8.5,9.0,8.5,7.5,8.5,8.5,8.5,8.5,8.5,8.5,8.5,8.5,8.5,8.5,8.5,8.5,8.5,8.5,8.5,9.0,8.5,9.0,8.5,9.0
conv_111,6.5,8.5,8.5,8.5,8.5,8.5,7.5,8.5,8.5,8.5,8.5,8.5,8.5,8.5,8.5,7.5,8.5,8.5,8.5,8.5,8.5,8.5,8.5,8.5,8.5,8.5,8.5,8.5,7.5,8.5
conv_112,8.5,9.0,9.0,9.0,8.5,9.0,9.0,9.0,9.0,8.5,9.0,9.0,9.0,9.0,9.0,9.0,8.5,9.0,8.5,8.5,9.0,9.0,9.0,9.0,8.5,8.5,9.0,8.5,9.0,8.5
conv_113,9.0,9.0,9.0,9.0,8.5,8.5,9.0,9.0,9.0,9.0,8.5,9.0,9.0,9.0,8.5,9.0,9.0,9.0,8.5,9.0,9.0,8.5,8.5,9.0,8.5,8.5,9.0,9.0,9.0,9.0
conv_114,8.5,9.0,9.0,9.0,9.0,9.0,9.0,9.0,8.5,8.5,9.0,9.0,9.0,9.0,8.5,8.5,9.0,8.5,9.0,9.0,9.0,9.0,9.0,9.0,9.0,8.5,8.5,8.5,9.0,8.5
conv_115,9.0,9.0,9.0,8.5,8.5,9.0,9.0,9.0,9.0,9.0,9.0,9.0,9.0,9.0,9.0,9.0,8.5,9.0,9.0,9.0,9.0,8.5,8.5,9.0,8.5,8.5,8.5,8.5,8.5,9.0
conv_116,8.5,9.0,8.5,8.5,8.5,8.5,8.5,8.5,8.5,9.0,7.5,8.5,8.5,8.5,8.5,9.0,8.5,8.5,8.5,8.5,8.5,8.5,8.5,8.5,9.0,7.5,8.5,7.5,8.5,8.5
conv_117,8.5,9.0,8.5,9.0,8.5,8.5,8.5,8.5,8.5,8.5,8.5,9.0,9.0,9.0,8.5,9.0,8.5,8.5,9.0,9.0,8.5,8.5,8.5,8.5,8.5,8.5,8.5,8.5,8.5,9.0
conv_118,9.0,8.5,7.5,8.5,8.5,7.5,8.5,8.5,8.5,8.5,8.5,8.5,8.5,8.5,8.5,9.0,8.5,8.5,8.5,8.5,8.5,8.5,8.5,8.5,8.5,8.5,8.5,8.5,8.5,8.5
conv_119,9.0,8.5,9.0,9.0,8.5,9.0,9.0,9.0,9.0,9.0,9.0,9.0,9.0,8.5,9.0,9.0,9.0,8.5,8.5,8.5,8.5,9.0,9.0,9.0,9.0,8.5,9.0,8.5,9.0,9.0
conv_120,8.5,8.5,9.0,8.5,8.5,9.0,8.5,9.0,8.5,9.0,8.5,8.5,8.5,8.5,9.0,8.5,9.0,8.5,9.0,9.0,8.5,9.0,8.5,8.5,8.5,9.0,9.0,9.0,8.5,9.0
conv_121,8.5,9.0,9.0,9.0,9.0,9.0,9.0,9.0,9.0,9.0,9.0,9.0,9.0,9.0,9.0,9.0,9.0,8.5,9.0,8.5,9.0,9.0,8.5,9.0,9.0,8.5,9.0,8.5,9.0,9.0
conv_122,9.0,9.0,7.5,8.5,9.0,8.5,9.0,9.0,8.5,8.5,8.5,8.5,9.0,7.5,8.5,8.5,8.5,9.0,8.5,8.5,8.5,9.0,8.5,8.5,8.5,9.0,8.5,8.5,9.0,8.5
conv_123,8.5,8.5,7.5,8.5,9.0,8.5,8.5,9.0,8.5,8.5,8.5,8.5,8.5,9.0,9.0,8.5,8.5,9.0,8.5,8.5,9.0,8.5,8.5,8.5,8.5,8.5,7.5,9.0,8.5,8.5
conv_124,9.0,8.5,8.5,9.0,8.5,8.5,9.0,8.5,9.0,8.5,9.0,8.5,9.0,8.5,8.5,8.5,9.0,9.0,9.0,8.5,8.5,8.5,8.5,8.5,8.5,9.0,8.5,9.0,8.5,8.5
conv_125,8.5,9.0,8.5,9.0,8.5,8.5,9.0,8.5,9.0,8.5,9.0,8.5,8.5,8.5,9.0,8.5,9.0,8.5,9.0,8.5,9.0,9.0,9.0,8.5,8.5,8.5,9.0,8.5,9.0,8.5
conv_126,9.0,9.5,9.0,9.0,9.0,9.0,9.0,9.0,9.0,8.5,9.0,9.0,9.0,9.0,9.0,9.0,9.0,9.0,8.5,9.0,9.0,9.0,9.0,9.0,9.0,9.0,9.0,9.0,8.5,9.0
conv_127,9.0,9.0,9.0,9.0,9.0,9.0,9.0,9.0,9.0,8.5,8.5,9.0,7.5,9.0,9.0,8.5,9.0,9.0,9.0,9.0,8.5,8.5,9.0,9.0,8.5,8.5,9.0,9.0,9.0,9.0
conv_128,8.5,9.0,9.0,9.0,9.0,9.0,9.0,9.0,9.0,9.0,9.0,9.0,9.0,9.0,9.0,8.5,9.0,9.0,9.0,8.5,9.0,9.0,9.0,9.0,9.0,9.0,9.0,9.0,9.0,9.0
conv_129,8.5,8.5,8.5,8.5,8.5,8.5,8.5,8.5,8.5,7.5,9.0,7.5,8.5,8.5,9.0,8.5,8.5,8.5,8.5,8.5,8.5,7.5,9.0,8.5,8.5,8.5,8.5,8.5,8.5,8.5
conv_130,9.0,8.5,9.0,6.5,8.5,8.5,9.0,9.0,9.0,9.0,9.0,9.0,9.0,8.5,8.5,8.5,9.0,9.0,9.0,9.0,8.5,9.0,9.0,9.0,9.0,9.0,9.0,8.5,9.0,9.0
conv_131,8.5,9.0,8.5,9.0,9.0,8.5,9.0,9.0,8.5,9.0,8.5,9.0,8.5,9.0,9.0,9.0,9.0,9.0,9.0,9.0,9.0,8.5,9.0,8.5,9.0,8.5,9.0,8.5,9.0,8.5
conv_132,8.5,8.5,8.5,8.5,9.0,8.5,8.5,8.5,8.5,8.5,8.5,8.5,9.0,8.5,8.5,8.5,9.0,8.5,8.5,8.5,8.5,7.5,9.0,8.5,9.0,8.5,8.5,8.5,8.5,8.5
conv_133,8.5,8.5,8.5,8.5,9.0,8.5,8.5,8.5,9.0,8.5,8.5,8.5,8.5,8.5,8.5,8.5,8.5,8.5,9.0,8.5,8.5,8.5,8.5,8.5,9.0,8.5,8.5,9.0,9.0,8.5
conv_134,8.5,9.0,9.0,9.0,8.5,9.0,9.0,9.0,9.0,9.0,9.0,8.5,9.0,9.0,9.0,9.0,9.0,8.5,9.0,9.0,9.0,9.0,9.0,9.0,9.0,9.0,8.5,9.0,9.0,8.5
conv_135,9.0,8.5,9.0,8.5,8.5,9.5,9.0,9.0,9.0,9.0,9.0,9.0,9.0,9.0,8.5,9.0,9.0,8.5,8.5,8.5,8.5,9.0,9.0,9.0,8.5,9.0,8.5,9.0,7.5,9.0
conv_136,9.0,8.5,9.0,9.0,8.5,8.5,9.0,8.5,9.0,8.5,9.0,7.5,8.5,9.0,8.5,8.5,8.5,9.0,9.0,8.5,8.5,8.5,9.0,8.5,9.0,8.5,8.5,9.0,8.5,8.5
conv_137,9.0,9.0,9.0,9.0,8.5,9.0,9.0,9.0,8.5,9.0,9.0,9.0,8.5,9.0,9.0,9.0,8.5,8.5,8.5,9.0,8.5,8.5,9.0,9.0,9.0,8.5,9.0,8.5,9.0,9.0
conv_138,8.5,8.5,9.0,9.0,9.0,9.0,9.0,8.5,8.5,8.5,9.0,9.0,9.0,9.0,9.0,9.0,9.0,9.0,9.0,9.0,9.0,9.0,8.5,9.0,9.0,9.0,8.5,9.0,9.0,8.5
conv_139,8.5,9.0,9.0,9.0,8.5,8.5,9.0,8.5,9.0,9.0,8.5,8.5,8.5,9.0,8.5,9.0,9.0,9.0,8.5,8.5,9.0,8.5,8.5,8.5,9.0,8.5,8.5,9.0,8.5,9.0
conv_140,8.5,8.5,9.0,8.5,8.5,8.5,8.5,9.0,9.0,9.0,8.5,9.0,9.0,9.0,9.0,9.0,8.5,9.0,9.0,9.0,9.0,9.0,9.0,9.0,8.5,8.5,8.5,8.5,9.0,9.0
conv_141,8.5,9.0,9.0,9.0,9.0,9.0,9.0,9.0,9.0,9.0,9.0,8.5,9.0,9.0,9.0,9.0,8.5,9.0,9.0,9.0,8.5,9.0,9.0,9.0,8.5,9.0,8.5,8.5,8.5,8.5
conv_142,8.5,9.0,8.5,9.0,8.5,9.0,9.0,8.5,9.0,8.5,8.5,9.0,8.5,9.0,8.5,9.0,8.5,9.5,9.0,8.5,9.0,9.0,8.5,8.5,9.0,8.5,9.0,9.0,9.0,9.0
conv_143,8.5,9.0,8.5,8.5,8.5,9.0,8.5,9.0,8.5,9.0,9.0,9.0,9.0,8.5,9.0,8.5,9.0,9.0,7.5,9.0,8.5,8.5,9.0,9.0,9.0,8.5,8.5,9.0,9.0,8.5
conv_144,8.5,9.0,8.5,9.0,9.0,8.5,9.0,9.0,8.5,8.5,9.0,9.0,9.0,8.5,9.0,9.0,9.0,8.5,8.5,9.0,8.5,8.5,8.5,8.5,8.5,9.0,8.5,8.5,9.0,9.0
conv_145,9.0,8.5,9.0,9.0,9.0,9.0,9.0,9.0,9.0,9.0,9.0,9.0,9.0,9.0,8.5,9.0,9.0,9.0,9.0,9.0,9.0,9.0,9.0,9.0,9.0,8.5,9.0,9.0,9.0,9.0
conv_146,8.5,7.5,8.5,8.5,8.5,8.5,8.5,8.5,8.5,8.5,8.5,8.5,8.5,8.5,9.0,9.0,8.5,8.5,8.5,8.5,8.5,8.5,8.5,9.0,8.5,8.5,8.5,8.5,8.5,8.5
conv_147,9.0,9.0,9.0,9.0,9.0,8.5,9.0,9.0,9.0,9.0,9.0,9.0,9.0,9.0,9.0,9.0,9.0,9.0,9.0,9.0,9.0,9.0,9.0,9.0,9.0,9.0,9.0,8.5,9.0,9.0
conv_148,8.5,9.0,8.5,9.0,8.5,8.5,9.0,9.0,8.5,8.5,8.5,9.0,9.0,9.0,9.0,9.0,9.0,9.0,9.0,9.0,9.0,9.0,9.0,9.0,9.0,9.0,9.0,9.0,9.0,9.0
conv_149,8.5,9.0,9.0,9.0,9.0,9.0,9.0,9.0,9.0,9.0,9.0,9.0,9.0,9.0,9.0,9.0,9.0,9.0,9.0,8.5,9.0,9.0,9.0,9.0,9.0,9.0,9.0,9.0,9.0,9.0
conv_150,8.5,9.0,9.0,8.5,8.5,8.5,8.5,9.0,8.5,9.0,9.0,8.5,9.0,8.5,8.5,9.0,8.5,9.0,9.0,8.5,9.0,9.0,9.0,8.5,9.0,9.0,9.0,8.5,9.0,8.5
conv_151,7.5,7.5,8.5,9.0,8.5,7.5,9.0,8.5,8.5,8.5,8.5,7.5,8.5,9.0,7.5,8.5,8.5,8.5,8.5,8.5,7.5,8.5,6.5,8.5,8.5,8.5,8.5,8.5,8.5,9.0
conv_152,7.5,8.5,7.5,8.5,8.5,9.0,8.5,8.5,8.5,8.5,8.5,8.5,7.5,8.5,7.5,9.0,8.5,7.5,8.5,8.5,9.0,8.5,8.5,8.5,9.0,9.0,8.5,8.5,8.5,8.5
conv_153,8.5,9.0,9.0,8.5,8.5,9.0,9.0,9.0,9.0,9.0,9.0,9.0,9.0,9.0,9.0,9.0,9.0,9.0,9.0,9.0,9.0,9.0,9.0,9.0,9.0,9.0,9.0,9.0,8.5,9.0
conv_154,9.0,9.0,9.0,8.5,9.0,8.5,8.5,8.5,9.0,9.0,9.0,8.5,9.0,8.5,9.0,9.0,9.0,8.5,9.0,8.5,9.0,6.5,8.5,9.0,9.0,9.0,8.5,9.0,8.5,8.5
conv_155,8.5,9.0,9.0,9.0,8.5,9.0,9.0,8.5,9.0,9.0,9.0,9.0,9.0,8.5,9.0,9.0,9.0,8.5,9.0,8.5,8.5,8.5,9.0,9.0,9.0,9.0,9.0,9.0,8.5,8.5
conv_156,8.5,8.5,8.5,8.5,9.0,8.5,8.5,8.5,9.0,8.5,8.5,8.5,8.5,8.5,8.5,8.5,8.5,8.5,9.0,8.5,9.0,7.5,8.5,8.5,9.0,8.5,9.0,8.5,8.5,8.5
conv_157,8.5,8.5,9.0,9.0,8.5,9.0,9.0,9.0,9.0,9.0,8.5,9.0,9.0,9.0,9.0,9.0,9.0,9.0,8.5,9.0,9.0,9.0,8.5,9.0,9.0,9.0,9.0,9.0,9.0,9.0
conv_158,8.5,8.5,8.5,9.0,9.0,8.5,9.0,8.5,9.0,9.0,8.5,9.0,8.5,8.5,9.0,8.5,8.5,9.0,9.0,8.5,8.5,9.0,9.0,9.0,8.5,8.5,9.0,8.5,9.0,9.0
conv_159,8.5,8.5,9.0,9.0,9.0,8.5,9.0,9.0,9.0,9.0,8.5,9.0,8.5,9.0,9.0,9.0,8.5,9.0,8.5,9.0,9.0,9.0,9.0,9.0,8.5,9.0,9.0,9.0,8.5,9.0
conv_160,7.5,9.0,9.0,8.5,9.0,9.0,9.0,9.0,9.0,9.0,9.0,9.0,9.0,9.0,9.0,9.0,8.5,9.0,9.0,9.0,9.0,9.0,8.5,9.0,8.5,8.5,9.0,9.0,8.5,9.0
conv_161,8.5,8.5,9.0,9.0,9.0,8.5,8.5,8.5,8.5,8.5,8.5,8.5,8.5,8.5,9.0,8.5,9.0,8.5,8.5,8.5,8.5,8.5,8.5,8.5,8.5,8.5,9.0,9.0,8.5,9.0
conv_162,8.5,8.5,8.5,9.0,9.0,9.0,9.0,9.0,9.0,9.0,9.0,9.0,9.0,9.0,9.0,9.0,9.0,9.0,8.5,8.5,9.0,9.0,9.0,9.0,9.0,9.0,9.0,9.0,9.0,9.0
conv_163,8.5,9.0,8.5,9.0,8.5,8.5,9.0,9.0,9.0,9.0,8.5,9.0,9.0,8.5,9.0,9.0,8.5,9.0,9.0,9.0,8.5,9.0,9.0,9.0,9.0,9.0,8.5,8.5,8.5,8.5
conv_164,8.5,9.0,9.0,9.0,8.5,9.0,9.0,9.0,8.5,8.5,9.0,9.0,8.5,9.0,9.0,9.0,8.5,9.0,9.0,9.0,9.0,9.0,8.5,9.0,9.0,9.0,9.0,9.0,9.0,9.0
conv_165,8.5,8.5,7.5,8.5,8.5,8.5,8.5,8.5,7.5,8.5,8.5,9.0,7.5,8.5,8.5,9.0,8.5,9.0,8.5,9.0,8.5,9.0,7.5,8.5,7.5,8.5,8.5,9.0,8.5,8.5
conv_166,8.5,9.0,9.0,9.0,8.5,8.5,9.0,9.0,9.0,9.0,8.5,9.0,9.0,9.0,9.0,9.0,9.0,9.0,9.0,9.0,9.0,9.0,9.0,9.0,9.0,9.0,8.5,9.0,9.0,9.0
conv_167,8.5,8.5,9.0,8.5,8.5,8.5,8.5,8.5,8.5,8.5,8.5,8.5,8.5,8.5,8.5,8.5,8.5,8.5,8.5,8.5,8.5,8.5,8.5,8.5,8.5,8.5,7.5,8.5,8.5,8.5
conv_168,9.0,9.0,8.5,9.0,8.5,8.5,8.5,8.5,9.0,9.0,8.5,9.0,8.5,8.5,8.5,8.5,9.0,8.5,8.5,9.0,9.0,8.5,9.0,8.5,8.5,9.0,8.5,9.0,8.5,9.0
conv_169,9.0,9.0,8.5,9.0,9.0,9.0,9.0,8.5,8.5,9.0,9.0,9.0,9.0,9.0,8.5,8.5,8.5,9.0,8.5,9.0,8.5,9.0,9.0,8.5,8.5,9.0,9.0,9.0,9.0,9.0
conv_170,9.0,8.5,8.5,8.5,7.5,8.5,8.5,8.5,8.5,9.0,7.5,8.5,7.5,8.5,7.5,9.0,7.5,8.5,7.5,9.0,8.5,9.0,6.5,8.5,6.5,9.0,7.5,8.5,8.5,9.0
conv_171,9.0,8.5,8.5,8.5,8.5,8.5,8.5,8.5,8.5,8.5,8.5,8.5,8.5,9.0,8.5,8.5,9.0,8.5,8.5,8.5,8.5,8.5,9.0,8.5,8.5,8.5,8.5,7.5,8.5,8.5
conv_172,9.0,9.0,9.0,8.5,9.0,9.0,9.0,8.5,9.0,9.0,8.5,9.0,9.0,9.0,9.0,9.0,8.5,9.0,9.0,9.0,9.0,9.0,8.5,9.0,8.5,9.0,8.5,9.0,9.0,8.5
conv_173,8.5,9.0,9.0,9.0,9.0,9.0,9.0,9.0,9.0,9.0,9.0,9.0,9.0,9.0,9.0,9.0,9.0,9.0,9.0,9.0,9.0,9.0,8.5,9.0,9.0,9.0,9.0,9.0,9.0,9.0
conv_174,8.5,9.0,9.0,9.0,9.0,8.5,8.5,9.0,9.0,9.0,8.5,8.5,9.0,8.5,9.0,8.5,9.0,8.5,9.0,8.5,8.5,8.5,9.0,8.5,8.5,9.0,9.0,8.5,9.0,9.0
conv_175,9.0,9.0,8.5,9.0,8.5,8.5,9.0,8.5,8.5,8.5,8.5,9.0,8.5,9.0,9.0,8.5,9.0,8.5,8.5,9.0,9.0,8.5,9.0,9.0,8.5,9.0,8.5,9.0,9.0,8.5
conv_176,8.5,8.5,9.0,8.5,9.0,8.5,9.0,8.5,9.0,9.0,8.5,9.0,9.0,8.5,9.0,9.0,8.5,8.5,8.5,9.0,8.5,8.5,8.5,8.5,9.0,8.5,9.0,8.5,9.0,9.0
conv_177,9.0,9.0,9.0,9.0,9.0,9.0,9.0,9.0,9.0,9.0,9.0,9.0,9.0,9.0,9.0,9.0,9.0,9.0,9.0,9.0,9.0,9.0,9.0,9.0,9.0,9.0,9.0,9.0,9.0,9.0
conv_178,8.5,9.0,8.5,9.0,8.5,8.5,8.5,8.5,8.5,8.5,8.5,9.0,8.5,8.5,8.5,8.5,9.0,9.0,9.0,8.5,8.5,8.5,8.5,8.5,8.5,9.0,8.5,8.5,9.0,9.0
conv_179,9.0,9.0,9.0,9.0,8.5,9.0,8.5,9.0,8.5,8.5,9.0,9.0,9.0,9.0,9.0,9.0,9.0,9.0,9.0,9.0,9.0,9.0,9.0,9.0,9.0,9.0,9.0,9.0,9.0,9.0
conv_180,9.0,9.0,9.0,9.0,9.0,9.0,9.0,8.5,8.5,9.0,9.0,9.0,9.0,9.0,9.0,9.0,9.0,8.5,9.0,9.0,8.5,9.0,9.0,9.0,9.0,9.0,9.0,9.0,9.0,8.5
conv_181,9.0,9.0,9.0,9.0,9.0,9.0,8.5,9.0,9.0,9.0,9.0,9.0,9.0,9.0,9.0,9.0,9.0,9.0,9.0,9.0,9.0,9.0,8.5,9.0,9.0,8.5,9.0,8.5,9.0,9.0
conv_182,8.5,9.0,8.5,8.5,9.0,8.5,9.0,9.0,8.5,9.0,9.0,8.5,8.5,9.0,8.5,8.5,8.5,8.5,9.0,8.5,9.0,9.0,9.0,8.5,9.0,7.5,8.5,9.0,7.5,9.0
conv_183,8.5,8.5,9.0,9.0,8.5,9.0,8.5,8.5,9.0,9.0,9.0,9.0,8.5,8.5,9.0,9.0,9.0,9.0,9.0,8.5,9.0,9.0,8.5,9.0,8.5,9.0,9.0,8.5,9.0,9.0
conv_184,7.5,8.5,7.5,7.5,8.5,8.5,7.5,8.5,8.5,8.5,8.5,8.5,8.5,8.5,7.5,8.5,8.5,7.5,8.5,7.5,8.5,7.5,8.5,8.5,8.5,8.5,9.0,8.5,8.5,8.5
conv_185,7.5,8.5,8.5,8.5,9.0,8.5,9.0,8.5,8.5,8.5,9.0,8.5,9.0,8.5,8.5,8.5,9.0,8.5,8.5,8.5,8.5,8.5,8.5,8.5,8.5,8.5,8.5,8.5,8.5,8.5
conv_186,9.0,9.0,9.0,9.0,9.0,9.0,8.5,9.0,9.0,9.0,9.0,9.0,9.0,9.0,9.0,9.0,9.0,9.0,9.0,8.5,9.0,9.0,9.0,9.0,9.0,9.0,9.0,9.0,9.0,9.0
conv_187,9.0,9.0,9.0,9.0,9.0,9.0,8.5,9.0,9.0,9.0,9.0,9.0,8.5,9.0,9.0,9.0,9.0,8.5,9.0,9.0,9.0,9.0,9.0,9.0,8.5,9.0,9.0,9.0,9.0,9.0
conv_188,8.5,9.0,8.5,9.0,9.0,9.0,9.0,9.0,9.0,8.5,9.0,8.5,9.0,8.5,9.0,9.0,9.0,8.5,9.0,9.0,8.5,9.0,9.0,8.5,8.5,9.0,8.5,9.0,8.5,9.0
conv_189,9.0,8.5,8.5,8.5,9.0,9.0,8.5,8.5,9.0,9.0,8.5,9.0,9.0,9.0,9.0,8.5,9.0,9.0,8.5,9.0,8.5,8.5,9.0,8.5,9.0,8.5,8.5,8.5,8.5,9.0
conv_190,8.5,8.5,8.5,8.5,9.0,8.5,7.5,8.5,8.5,8.5,8.5,9.0,7.5,8.5,8.5,9.0,8.5,8.5,8.5,8.5,8.5,8.5,8.5,8.5,7.5,8.5,8.5,8.5,8.5,9.0
conv_191,9.0,9.0,9.0,9.0,9.0,8.5,9.0,9.0,8.5,9.0,9.0,9.0,9.0,9.0,9.0,9.0,9.0,9.0,9.0,9.0,9.0,9.0,9.0,9.0,9.0,9.0,9.0,9.0,9.0,8.5
conv_192,8.5,9.0,9.0,9.0,7.5,8.5,8.5,9.0,9.0,9.0,7.5,9.0,9.0,7.5,8.5,8.5,8.5,9.0,8.5,8.5,8.5,9.0,8.5,8.5,9.0,7.5,9.0,9.0,8.5,8.5
conv_193,9.0,9.0,8.5,9.0,8.5,9.0,9.0,8.5,9.0,8.5,9.0,8.5,9.0,8.5,8.5,9.0,8.5,8.5,8.5,9.0,9.0,9.0,9.0,8.5,9.0,9.0,8.5,8.5,9.0,8.5
conv_194,7.5,6.5,9.0,9.0,8.5,7.5,9.0,9.0,8.5,8.5,9.0,8.5,8.5,8.5,9.0,9.0,8.5,9.0,9.0,9.0,8.5,8.5,8.5,9.0,8.5,9.0,8.5,7.5,8.5,9.0
conv_195,9.0,9.0,9.0,9.0,9.0,8.5,9.0,8.5,8.5,9.0,9.0,9.0,8.5,9.0,9.0,9.0,8.5,9.0,9.0,9.0,9.0,9.0,9.0,9.0,9.0,9.0,8.5,8.5,9.0,9.0
conv_196,7.5,9.0,8.5,9.0,8.5,9.0,9.0,9.0,9.0,8.5,9.0,8.5,8.5,9.0,7.5,8.5,9.0,8.5,9.0,8.5,7.5,9.0,8.5,8.5,9.0,8.5,8.5,8.5,8.5,8.5
conv_197,8.5,8.5,8.5,8.5,8.5,6.5,8.5,8.5,8.5,8.5,8.5,8.5,8.5,7.5,8.5,7.5,8.5,8.5,8.5,8.5,8.5,8.5,8.5,8.5,8.5,8.5,7.5,8.5,8.5,8.5
conv_198,9.0,8.5,9.0,9.0,9.0,9.0,8.5,8.5,9.0,8.5,8.5,8.5,8.5,8.5,9.0,9.0,9.0,9.0,9.0,8.5,9.0,9.0,9.0,9.0,9.0,8.5,9.0,8.5,8.5,8.5
conv_199,8.5,9.0,9.0,9.0,9.0,9.0,8.5,8.5,8.5,9.0,9.0,8.5,9.0,8.5,8.5,8.5,8.5,9.0,8.5,8.5,8.5,9.0,9.0,8.5,8.5,8.5,9.0,9.0,9.0,8.5
conv_200,8.5,7.5,8.5,8.5,8.5,8.5,8.5,8.5,9.0,8.5,8.5,8.5,8.5,7.5,7.5,8.5,8.5,8.5,8.5,8.5,8.5,7.5,8.5,8.5,8.5,8.5,8.5,8.5,8.5,8.5
conv_201,8.5,8.5,9.0,8.5,9.0,8.5,7.5,8.5,8.5,8.5,9.0,8.5,8.5,9.0,8.5,8.5,9.0,9.0,9.0,9.0,8.5,8.5,8.5,9.0,8.5,8.5,8.5,8.5,8.5,8.5
conv_202,9.0,8.5,9.0,9.0,9.0,8.5,9.0,8.5,9.0,9.0,9.0,8.5,9.0,9.0,9.0,8.5,9.0,8.5,9.0,9.0,9.0,8.5,9.0,9.0,8.5,9.0,9.0,8.5,9.0,9.0
conv_203,9.0,9.0,9.0,9.0,8.5,9.0,8.5,9.0,8.5,9.0,9.0,9.0,9.0,9.0,8.5,9.0,9.0,9.0,9.0,9.0,8.5,9.0,9.0,9.0,9.0,9.0,9.0,9.0,9.0,9.0
conv_204,9.0,9.0,8.5,9.0,9.0,9.0,9.0,9.0,8.5,9.0,9.0,9.0,8.5,9.0,8.5,8.5,9.0,8.5,9.0,9.0,9.0,9.0,8.5,9.0,8.5,9.0,9.0,9.0,8.5,9.0
conv_205,8.5,8.5,8.5,8.5,8.5,8.5,8.5,8.5,9.0,9.0,8.5,8.5,8.5,8.5,8.5,7.5,8.5,8.5,9.0,8.5,8.5,8.5,8.5,7.5,8.5,7.5,8.5,8.5,8.5,8.5
conv_206,9.0,9.0,8.5,9.0,9.0,9.0,9.0,8.5,9.0,9.0,9.0,9.0,9.0,9.0,9.0,9.0,9.5,8.5,9.0,9.0,9.0,9.0,8.5,9.0,9.0,9.0,9.0,9.0,9.0,9.0
conv_207,9.0,9.0,8.5,9.0,8.5,9.0,9.0,9.0,8.5,9.0,9.0,8.5,9.0,8.5,9.0,9.0,8.5,9.0,9.0,8.5,8.5,8.5,9.0,8.5,8.5,8.5,9.0,8.5,8.5,8.5
conv_208,9.0,9.0,9.0,9.0,8.5,9.0,9.0,9.0,8.5,9.0,9.0,8.5,8.5,9.0,9.0,9.0,9.0,8.5,9.0,9.0,9.0,9.0,9.0,9.0,8.5,9.0,8.5,8.5,9.0,9.0
conv_209,8.5,8.5,8.5,8.5,8.5,8.5,8.5,8.5,8.5,8.5,8.5,8.5,8.5,8.5,8.5,8.5,8.5,8.5,9.0,9.0,8.5,8.5,8.5,8.5,8.5,8.5,8.5,8.5,8.5,8.5
conv_210,9.0,8.5,9.0,8.5,8.5,9.0,8.5,8.5,9.0,8.5,9.0,9.0,8.5,9.0,8.5,8.5,8.5,9.0,9.0,8.5,8.5,8.5,8.5,9.0,9.0,8.5,8.5,8.5,8.5,9.0
conv_211,8.5,8.5,8.5,9.0,9.0,9.0,9.0,9.0,9.0,9.0,9.0,9.0,9.0,9.0,9.0,9.0,9.0,8.5,9.0,8.5,9.0,9.0,9.0,9.0,9.0,9.0,9.0,9.0,8.5,9.0
conv_212,9.0,8.5,9.0,9.0,8.5,8.5,8.5,8.5,9.0,8.5,9.0,9.0,8.5,9.0,9.0,8.5,9.0,9.0,9.0,9.0,9.0,8.5,9.0,8.5,9.0,9.0,9.0,8.5,9.0,9.0
conv_213,8.5,7.5,8.5,8.5,8.5,8.5,7.5,8.5,8.5,8.5,8.5,8.5,8.5,8.5,8.5,8.5,7.5,8.5,8.5,8.5,8.5,8.5,8.5,8.5,7.5,7.5,8.5,8.5,7.5,8.5
conv_214,8.5,9.0,9.0,9.0,8.5,9.0,8.5,8.5,8.5,8.5,8.5,8.5,9.0,9.0,9.0,8.5,9.0,8.5,9.0,8.5,9.0,8.5,9.0,9.0,9.0,8.5,8.5,8.5,9.0,9.0
conv_215,9.0,9.0,8.5,9.0,9.0,9.0,9.0,8.5,9.0,9.0,9.0,8.5,8.5,9.0,9.0,9.0,9.0,9.0,9.0,9.0,9.0,8.5,9.0,8.5,8.5,9.0,9.0,9.0,8.5,8.5
conv_216,8.5,9.0,8.5,9.0,8.5,9.0,9.0,9.0,8.5,8.5,9.0,9.0,9.0,8.5,9.0,8.5,9.0,8.5,9.0,9.0,9.0,9.0,8.5,9.0,9.0,9.0,8.5,8.5,8.5,9.0
conv_217,9.0,9.0,9.0,9.0,9.0,9.0,9.0,9.0,9.0,9.0,9.0,9.0,8.5,9.0,9.0,9.0,9.0,9.0,9.0,9.0,9.0,9.0,9.0,9.0,9.0,9.0,9.0,9.0,9.0,9.0
conv_218,9.0,8.5,8.5,9.0,8.5,9.0,9.0,9.0,9.0,8.5,9.0,8.5,9.0,8.5,9.0,9.0,9.0,9.0,9.0,8.5,9.0,8.5,8.5,9.0,8.5,9.0,9.0,9.0,9.0,9.0
conv_219,7.5,8.5,8.5,7.5,8.5,8.5,9.0,9.0,9.0,8.5,8.5,8.5,8.5,8.5,8.5,8.5,8.5,9.0,8.5,8.5,8.5,7.5,8.5,8.5,8.5,8.5,7.5,8.5,8.5,8.5
conv_220,8.5,9.0,8.5,9.0,8.5,9.0,8.5,9.0,9.0,9.0,8.5,8.5,8.5,8.5,8.5,9.0,8.5,8.5,8.5,8.5,9.0,8.5,8.5,8.5,8.5,9.0,9.0,8.5,7.5,8.5
conv_221,9.0,8.5,9.0,8.5,9.0,8.5,9.0,8.5,9.0,9.0,9.0,8.5,9.0,9.0,9.0,9.0,9.0,8.5,8.5,8.5,9.0,9.0,9.0,8.5,9.0,9.0,9.0,9.0,9.0,9.0
conv_222,9.0,9.0,9.0,9.0,7.5,8.5,9.0,9.0,8.5,8.5,9.0,9.0,9.0,9.0,9.0,9.0,8.5,9.0,9.0,9.0,8.5,8.5,9.0,9.0,8.5,9.0,9.0,9.0,9.0,9.0
conv_223,9.0,7.5,8.5,9.0,9.0,9.0,8.5,9.0,9.0,9.0,8.5,9.0,9.0,9.0,9.0,9.0,9.0,9.0,9.0,9.0,8.5,9.0,9.0,9.0,8.5,9.0,9.0,8.5,7.5,9.0
conv_224,9.0,8.5,8.5,9.0,8.5,8.5,8.5,8.5,8.5,8.5,8.5,8.5,9.0,8.5,8.5,8.5,8.5,9.0,8.5,8.5,8.5,8.5,8.5,8.5,8.5,8.5,9.0,6.5,8.5,8.5
conv_225,8.5,7.5,9.0,8.5,8.5,8.5,9.0,8.5,9.0,8.5,9.0,8.5,9.0,7.5,8.5,8.5,9.0,8.5,8.5,8.5,9.0,8.5,9.0,8.5,9.0,8.5,9.0,8.5,9.0,8.5
conv_226,8.5,9.0,8.5,8.5,8.5,8.5,9.0,9.0,9.0,9.0,9.0,9.0,9.0,8.5,7.5,9.0,9.0,9.0,8.5,9.0,9.0,9.0,8.5,8.5,8.5,9.0,9.0,9.0,8.5,9.0
conv_227,9.0,9.0,8.5,8.5,9.0,8.5,8.5,9.0,9.0,9.0,9.0,8.5,9.0,9.0,8.5,9.0,8.5,9.0,8.5,8.5,9.0,9.0,8.5,9.0,9.0,9.0,8.5,8.5,8.5,9.0
conv_228,8.5,8.5,9.0,9.0,9.0,9.0,8.5,8.5,9.0,9.0,9.0,9.0,8.5,8.5,9.0,9.0,8.5,8.5,9.0,8.5,8.5,8.5,9.0,8.5,9.0,9.0,8.5,8.5,9.0,8.5
conv_229,9.0,9.0,9.0,9.0,9.0,9.0,9.0,9.0,9.0,9.0,9.0,9.0,9.0,9.0,9.0,9.0,9.0,9.0,9.0,9.0,9.0,7.5,9.0,9.0,9.0,9.0,9.0,9.0,9.0,9.0
conv_230,8.5,9.0,9.0,9.0,9.0,8.5,9.0,9.0,9.0,8.5,9.0,9.0,9.0,8.5,9.0,9.0,9.0,9.0,9.0,9.0,9.0,9.0,9.0,9.0,9.0,9.0,9.0,8.5,9.0,9.0
conv_231,8.5,9.0,9.0,9.0,9.0,8.5,9.0,9.0,9.0,9.0,9.0,9.0,9.0,9.0,9.0,9.0,9.0,9.0,8.5,9.0,9.0,9.0,8.5,8.5,9.0,8.5,9.0,9.0,9.0,9.0
conv_232,9.0,8.5,9.0,8.5,9.0,8.5,8.5,8.5,9.0,8.5,8.5,8.5,8.5,8.5,9.0,8.5,9.0,9.0,8.5,8.5,8.5,8.5,8.5,8.5,8.5,8.5,8.5,9.0,8.5,9.0
conv_233,8.5,8.5,8.5,8.5,8.5,8.5,8.5,8.5,8.5,8.5,8.5,8.5,8.5,8.5,8.5,8.5,8.5,8.5,8.5,8.5,8.5,7.5,8.5,8.5,8.5,8.5,8.5,8.5,8.5,8.5
conv_234,8.5,7.5,9.0,8.5,8.5,8.5,8.5,8.5,9.0,8.5,9.0,8.5,8.5,8.5,9.0,7.5,8.5,9.0,8.5,8.5,7.5,8.5,7.5,8.5,8.5,8.5,8.5,8.5,9.0,9.0
conv_235,8.5,9.0,9.0,9.0,9.0,9.0,9.0,9.0,9.0,9.0,9.0,8.5,9.0,9.0,9.0,9.0,9.0,9.0,9.0,9.0,8.5,9.0,9.0,8.5,9.0,9.0,9.0,9.0,9.0,9.0
conv_236,9.0,9.0,9.0,9.0,9.0,9.0,8.5,9.0,9.0,9.0,9.0,9.0,8.5,8.5,8.5,9.0,9.0,9.0,9.0,9.0,8.5,8.5,8.5,9.0,9.0,8.5,9.0,9.0,9.0,9.0
conv_237,8.5,9.0,8.5,9.0,8.5,9.0,9.0,9.0,8.5,9.0,8.5,8.5,9.5,9.0,9.0,9.0,9.0,9.0,9.0,9.0,9.0,9.0,9.0,8.5,9.0,8.5,8.5,8.5,9.0,9.0
conv_238,9.0,8.5,8.5,8.5,9.0,9.0,8.5,8.5,8.5,8.5,9.0,8.5,8.5,8.5,8.5,9.0,8.5,8.5,8.5,8.5,9.0,8.5,9.0,8.5,8.5,8.5,9.0,8.5,8.5,8.5
conv_239,8.5,9.0,9.0,8.5,8.5,9.0,9.0,9.0,8.5,9.0,8.5,8.5,9.0,9.0,8.5,9.0,8.5,9.0,8.5,9.0,8.5,9.0,8.5,9.0,9.0,9.0,9.0,9.0,8.5,9.0
conv_240,8.5,9.0,9.0,9.0,9.0,8.5,8.5,8.5,9.0,8.5,9.0,9.0,9.0,9.0,9.0,9.0,9.0,9.0,9.0,9.0,8.5,9.0,9.0,8.5,9.0,9.0,9.0,9.0,9.0,9.0
conv_241,9.0,9.0,8.5,8.5,9.0,9.0,9.0,8.5,9.0,9.0,9.0,9.0,9.0,8.5,9.0,9.0,9.0,8.5,9.0,8.5,9.0,9.0,8.5,9.0,9.0,8.5,9.0,9.0,8.5,9.0
conv_242,9.0,9.0,9.0,9.0,9.0,8.5,9.0,9.0,9.0,9.0,9.0,9.0,9.0,9.0,9.0,9.0,9.0,9.0,9.0,9.0,9.0,9.0,9.0,9.0,9.0,9.0,9.0,9.0,9.0,9.0
conv_243,8.5,8.5,8.5,8.5,8.5,8.5,8.5,8.5,8.5,8.5,8.5,8.5,9.0,8.5,8.5,8.5,8.5,8.5,9.0,8.5,8.5,9.0,8.5,8.5,7.5,8.5,8.5,9.0,8.5,7.5
conv_244,8.5,9.0,9.0,8.5,9.0,8.5,9.0,9.0,8.5,9.0,9.0,9.0,9.0,8.5,8.5,8.5,8.5,8.5,8.5,8.5,8.5,8.5,9.0,8.5,8.5,8.5,8.5,8.5,8.5,9.0
conv_245,9.0,8.5,9.0,9.0,8.5,9.0,9.0,9.0,9.0,9.0,9.0,9.0,8.5,9.0,9.0,9.0,9.0,9.0,9.0,9.0,9.0,9.0,9.0,9.0,9.0,9.0,9.0,9.0,9.0,9.0
conv_246,9.0,9.0,9.0,9.0,9.0,9.0,9.0,9.0,9.0,9.0,9.0,9.0,9.0,8.5,9.0,9.0,9.0,9.0,9.0,9.0,9.0,9.0,8.5,9.0,9.0,9.0,9.0,9.0,9.0,9.0
conv_247,9.0,9.0,8.5,9.0,9.0,9.0,9.0,9.0,9.0,9.0,9.0,9.0,8.5,8.5,9.0,9.0,9.0,8.5,9.0,9.0,9.0,9.0,9.0,9.0,8.5,9.0,9.0,9.0,9.0,9.0
conv_248,9.0,8.5,9.0,8.5,9.0,9.0,8.5,8.5,9.0,9.0,9.0,8.5,9.0,9.0,9.0,9.0,9.0,9.0,9.0,9.0,9.0,8.5,9.0,9.0,8.5,9.0,8.5,9.0,8.5,9.0
conv_249,7.5,8.5,8.5,8.5,9.0,8.5,8.5,8.5,8.5,8.5,7.5,8.5,8.5,9.0,7.5,8.5,8.5,9.0,7.5,8.5,9.0,8.5,8.5,7.5,8.5,8.5,9.0,7.5,8.5,6.5
conv_250,9.0,9.0,6.5,9.0,8.5,9.0,9.0,9.0,8.5,9.0,8.5,9.0,8.5,8.5,9.0,8.5,8.5,8.5,9.0,8.5,6.5,8.5,7.5,9.0,6.5,8.5,9.0,9.0,8.5,9.0
conv_251,8.5,9.0,8.5,9.0,9.0,9.0,8.5,8.5,9.0,9.0,9.0,8.5,9.0,9.0,9.0,9.0,9.0,9.0,9.0,8.5,9.0,9.0,9.0,8.5,8.5,9.0,8.5,9.0,9.0,9.0
conv_252,9.0,9.0,9.0,9.0,9.0,9.0,9.0,9.0,9.0,8.5,9.0,9.0,9.0,9.0,9.0,9.0,9.0,9.0,9.0,9.0,8.5,9.0,9.0,9.0,9.0,9.0,9.0,9.0,9.0,9.0
conv_253,8.5,8.5,9.0,9.0,8.5,9.0,9.0,8.5,8.5,8.5,9.0,9.0,8.5,9.0,8.5,8.5,8.5,9.0,9.0,9.0,8.5,9.0,9.0,9.0,9.0,8.5,9.0,9.0,8.5,8.5
conv_254,7.5,7.5,8.5,7.5,8.5,8.5,7.5,8.5,8.5,7.5,8.5,7.5,8.5,7.5,7.5,9.0,8.5,8.5,8.5,7.5,9.0,8.5,8.5,8.5,8.5,6.5,8.5,7.5,8.5,7.5
conv_255,9.0,9.0,9.0,9.0,9.0,9.0,9.0,9.0,9.0,9.0,9.0,9.0,9.0,9.0,9.0,9.0,9.0,9.0,9.0,9.0,9.0,9.0,9.0,8.5,9.0,9.0,9.0,9.0,9.0,9.0
conv_256,8.5,8.5,9.0,8.5,8.5,9.0,8.5,7.5,8.5,8.5,8.5,8.5,8.5,8.5,9.0,7.5,9.0,8.5,8.5,8.5,7.5,8.5,8.5,7.5,8.5,8.5,9.0,8.5,8.5,9.0
conv_257,8.5,8.5,9.0,8.5,7.5,8.5,8.5,8.5,8.5,9.0,9.0,8.5,9.0,8.5,9.0,8.5,8.5,8.5,9.0,8.5,8.5,8.5,7.5,8.5,8.5,8.5,8.5,9.0,7.5,9.0
conv_258,7.5,8.5,9.0,9.0,9.0,8.5,9.0,9.0,9.0,9.0,9.0,9.0,9.0,8.5,8.5,9.0,9.0,8.5,9.0,8.5,8.5,9.0,9.0,8.5,8.5,9.0,9.0,9.0,9.0,9.0
conv_259,9.0,8.5,9.0,9.0,8.5,9.0,9.0,8.5,8.5,9.0,8.5,9.0,8.5,9.0,8.5,9.0,9.0,8.5,9.0,8.5,9.0,9.0,9.0,9.0,9.0,8.5,9.0,8.5,8.5,8.5
conv_260,9.0,8.5,9.0,8.5,8.5,8.5,9.0,8.5,8.5,8.5,8.5,8.5,7.5,8.5,8.5,8.5,8.5,9.0,9.0,9.0,8.5,8.5,8.5,7.5,8.5,9.0,8.5,7.5,8.5,8.5
conv_261,9.0,8.5,9.0,9.0,8.5,9.0,8.5,9.0,8.5,9.0,8.5,8.5,9.0,8.5,9.0,9.0,9.0,8.5,9.0,8.5,8.5,9.0,9.0,8.5,9.0,8.5,9.0,9.0,8.5,9.0
conv_262,8.5,8.5,9.0,9.0,8.5,9.0,8.5,9.0,8.5,8.5,8.5,8.5,7.5,9.0,8.5,8.5,8.5,9.0,8.5,9.0,8.5,8.5,9.0,9.0,9.0,8.5,8.5,8.5,8.5,8.5
conv_263,8.5,7.5,9.0,8.5,8.5,8.5,7.5,8.5,7.5,8.5,9.0,7.5,8.5,8.5,8.5,8.5,8.5,8.5,8.5,9.0,8.5,9.0,7.5,8.5,9.0,8.5,8.5,9.0,8.5,8.5
conv_264,9.0,9.0,9.0,9.0,9.0,9.0,9.0,9.0,9.0,9.0,9.0,9.0,9.0,9.0,9.0,9.0,9.0,9.0,9.0,9.0,9.0,9.0,9.0,9.0,9.0,8.5,9.0,9.0,9.0,9.0
conv_265,8.5,9.0,8.5,9.0,8.5,8.5,8.5,9.0,9.0,9.0,9.0,9.0,9.0,9.0,8.5,9.0,8.5,8.5,8.5,9.0,9.0,9.0,8.5,9.0,8.5,8.5,9.0,9.0,8.5,9.0
conv_266,8.5,8.5,9.0,7.5,9.0,8.5,9.0,8.5,8.5,9.0,9.0,9.0,9.0,9.0,8.5,9.0,8.5,9.0,9.0,9.0,8.5,9.0,8.5,9.0,9.0,9.0,9.0,9.0,8.5,9.0
conv_267,8.5,8.5,9.0,8.5,9.0,8.5,8.5,8.5,9.0,8.5,8.5,8.5,8.5,8.5,9.0,8.5,8.5,9.0,8.5,8.5,8.5,9.0,7.5,8.5,9.0,8.5,8.5,9.0,9.0,8.5
conv_268,9.0,9.0,8.5,8.5,9.0,9.0,8.5,9.0,9.0,9.0,8.5,9.0,9.0,9.0,9.0,9.0,9.0,9.5,9.0,9.0,9.0,8.5,8.5,8.5,9.5,9.0,9.0,9.0,9.0,9.0
conv_269,8.5,8.5,9.0,8.5,8.5,7.5,8.5,8.5,9.0,8.5,8.5,8.5,8.5,8.5,8.5,8.5,8.5,8.5,8.5,8.5,8.5,8.5,9.0,8.5,8.5,8.5,8.5,9.0,8.5,8.5
conv_270,9.0,9.0,9.0,9.0,9.0,9.0,9.0,9.0,9.0,9.0,9.0,8.5,9.0,9.0,8.5,9.0,9.0,9.0,9.0,9.0,9.0,9.0,8.5,9.0,8.5,9.0,9.0,9.0,9.0,9.0
conv_271,8.5,9.0,8.5,9.0,9.0,9.0,8.5,9.0,9.0,7.5,9.0,8.5,9.0,8.5,9.0,8.5,9.0,9.0,9.0,8.5,9.0,9.0,8.5,9.0,9.0,9.0,8.5,9.0,9.0,9.0
conv_272,7.5,8.5,9.0,8.5,9.0,8.5,9.0,9.0,8.5,9.0,9.0,9.0,9.0,8.5,9.0,8.5,8.5,8.5,8.5,8.5,8.5,8.5,8.5,8.5,9.0,8.5,9.0,8.5,8.5,8.5
conv_273,8.5,9.0,8.5,8.5,9.0,9.0,8.5,9.0,9.0,9.0,8.5,9.0,9.0,9.0,9.0,9.0,9.0,9.0,8.5,9.0,9.0,8.5,9.0,8.5,9.0,8.5,9.0,8.5,9.0,8.5
conv_274,8.5,9.0,9.0,9.0,9.0,9.0,9.0,9.0,9.0,8.5,8.5,9.0,8.5,9.0,9.0,9.0,8.5,9.0,8.5,9.0,9.0,9.0,9.0,9.0,9.0,9.0,9.0,9.0,9.0,8.5
conv_275,8.5,8.5,9.0,9.0,8.5,8.5,8.5,8.5,8.5,9.0,8.5,9.0,8.5,9.0,8.5,8.5,9.0,8.5,8.5,8.5,8.5,8.5,9.0,8.5,9.0,8.5,9.0,9.0,8.5,8.5
conv_276,9.0,8.5,8.5,8.5,8.5,8.5,8.5,9.0,8.5,8.5,8.5,8.5,8.5,9.0,8.5,8.5,9.0,8.5,8.5,9.0,8.5,9.0,8.5,8.5,8.5,8.5,8.5,8.5,8.5,9.0
conv_277,8.5,8.5,9.0,9.0,9.0,8.5,9.0,8.5,9.0,9.0,9.0,9.0,9.0,8.5,9.0,8.5,9.0,9.0,8.5,9.0,8.5,9.0,8.5,9.0,8.5,9.0,9.0,9.0,8.5,9.0
conv_278,8.5,9.0,9.0,9.0,8.5,8.5,8.5,9.0,9.0,9.0,8.5,8.5,9.0,8.5,9.0,8.5,9.0,8.5,9.0,9.0,8.5,8.5,9.0,9.0,9.0,8.5,8.5,9.0,9.0,8.5
conv_279,8.5,9.0,9.0,8.5,8.5,8.5,9.0,9.0,9.0,9.0,9.0,9.0,9.0,8.5,8.5,9.0,9.0,9.0,8.5,8.5,9.0,8.5,9.0,9.0,9.0,9.0,9.0,8.5,9.0,8.5
conv_280,9.0,9.0,9.0,9.0,9.0,9.0,9.0,9.0,9.0,9.0,9.0,9.0,9.0,9.0,9.0,9.0,9.0,9.0,9.0,9.0,9.0,9.0,9.0,9.0,9.0,9.0,9.0,9.0,9.0,9.0
conv_281,8.5,9.0,8.5,9.0,9.0,9.0,9.0,9.0,9.0,9.0,9.0,9.0,9.0,9.0,9.0,9.0,9.0,9.0,9.0,9.0,8.5,9.0,9.0,9.0,9.0,9.0,9.0,9.0,8.5,9.0
conv_282,9.0,8.5,9.0,9.0,9.0,9.0,9.0,9.0,8.5,9.0,8.5,9.0,8.5,9.0,8.5,9.0,9.0,9.0,9.0,9.0,8.5,9.0,9.0,9.0,9.0,9.0,9.0,8.5,9.0,9.0
conv_283,9.0,9.0,8.5,8.5,8.5,8.5,8.5,9.0,9.0,8.5,9.0,9.0,9.0,9.0,8.5,9.0,8.5,8.5,9.0,9.0,9.0,9.0,9.0,9.0,9.0,9.0,9.0,9.0,9.0,9.0
conv_284,8.5,8.5,8.5,8.5,8.5,8.5,9.0,8.5,9.0,8.5,7.5,8.5,8.5,8.5,8.5,8.5,8.5,8.5,8.5,8.5,8.5,8.5,8.5,8.5,8.5,8.5,8.5,8.5,8.5,8.5
conv_285,8.5,9.0,9.0,9.0,9.0,9.0,9.0,9.0,9.0,9.0,9.0,9.0,9.0,9.0,9.0,9.0,9.0,9.0,9.0,9.0,9.0,9.0,8.5,9.0,9.0,9.0,9.0,9.0,8.5,9.0
conv_286,8.5,9.0,8.5,9.0,8.5,9.0,9.0,8.5,9.0,7.5,8.5,9.0,8.5,9.0,8.5,9.0,9.0,8.5,9.0,8.5,9.0,8.5,9.0,8.5,9.0,8.5,8.5,8.5,9.0,8.5
conv_287,8.5,8.5,8.5,9.0,8.5,9.0,8.5,9.0,8.5,8.5,8.5,9.0,9.0,9.0,9.0,8.5,8.5,8.5,8.5,9.0,9.0,9.0,8.5,9.0,9.0,8.5,9.0,8.5,9.0,8.5
conv_288,8.5,8.5,9.0,8.5,9.0,8.5,9.0,8.5,9.0,8.5,9.0,8.5,9.0,8.5,9.0,8.5,9.0,8.5,9.0,8.5,8.5,8.5,9.0,8.5,8.5,8.5,8.5,8.5,9.0,8.5
conv_289,8.5,9.0,9.0,9.0,9.0,8.5,9.0,8.5,8.5,9.0,9.0,8.5,9.0,8.5,8.5,9.0,9.0,8.5,9.0,8.5,9.0,8.5,9.0,8.5,9.0,8.5,9.0,9.0,9.0,9.0
conv_290,8.5,8.5,8.5,8.5,8.5,8.5,8.5,7.5,8.5,8.5,9.0,8.5,8.5,8.5,8.5,8.5,8.5,8.5,8.5,7.5,7.5,7.5,8.5,8.5,7.5,8.5,7.5,8.5,7.5,8.5
conv_291,9.0,9.0,7.5,9.0,9.0,8.5,7.5,6.5,9.0,7.5,9.0,7.5,9.0,7.5,9.0,8.5,9.0,8.5,9.0,7.5,8.5,8.5,8.5,6.5,9.0,7.5,8.5,8.5,8.5,8.5
conv_292,9.0,8.5,8.5,9.0,7.5,9.0,7.5,9.0,8.5,9.0,7.5,7.5,9.0,7.5,9.0,9.0,8.5,8.5,9.0,7.5,9.0,8.5,8.5,8.5,9.0,9.0,8.5,9.0,8.5,9.0
conv_293,8.5,8.5,9.0,7.5,9.0,8.5,8.5,8.5,8.5,8.5,8.5,8.5,8.5,8.5,8.5,8.5,8.5,8.5,9.0,8.5,8.5,8.5,8.5,7.5,8.5,8.5,8.5,7.5,7.5,8.5
conv_294,9.0,9.0,9.0,9.0,9.0,9.0,9.0,8.5,9.0,9.0,9.0,9.0,9.0,9.0,9.0,9.0,9.0,9.0,9.0,9.0,9.0,9.0,9.0,9.0,9.0,9.0,9.0,9.0,9.0,9.0
conv_295,8.5,9.0,9.0,8.5,8.5,9.0,9.0,9.0,9.0,9.0,8.5,8.5,9.0,8.5,8.5,9.0,9.0,9.0,9.0,9.0,8.5,9.0,8.5,8.5,8.5,9.0,9.0,9.0,8.5,9.0
conv_296,7.5,8.5,8.5,8.5,9.0,8.5,7.5,8.5,8.5,7.5,8.5,8.5,8.5,7.5,8.5,8.5,7.5,8.5,8.5,9.0,7.5,8.5,8.5,8.5,6.5,8.5,8.5,8.5,8.5,8.5
conv_297,8.5,8.5,7.5,8.5,7.5,8.5,7.5,8.5,8.5,8.5,8.5,9.0,8.5,7.5,8.5,8.5,7.5,7.5,6.5,8.5,8.5,8.5,9.0,7.5,6.5,8.5,8.5,8.5,7.5,7.5
conv_298,8.5,9.0,9.0,9.0,8.5,9.0,9.0,9.0,8.5,9.0,9.0,9.0,9.0,9.0,9.0,9.0,8.5,9.0,9.0,9.0,9.0,9.0,9.0,8.5,8.5,8.5,8.5,9.0,9.0,8.5
conv_299,9.0,8.5,9.0,9.0,9.0,9.0,8.5,9.0,9.0,9.0,8.5,9.0,9.0,9.0,9.0,9.0,9.0,9.0,9.0,9.0,9.0,9.0,9.0,9.0,9.0,9.0,9.0,8.5,9.0,9.0
conv_300,8.5,9.0,9.0,9.0,8.5,9.0,8.5,9.0,9.0,8.5,9.0,8.5,8.5,9.0,8.5,8.5,9.0,8.5,8.5,9.0,8.5,8.5,9.0,9.0,8.5,9.0,9.0,9.0,9.0,9.0
conv_301,8.5,7.5,9.0,8.5,6.5,9.0,8.5,9.0,9.0,8.5,7.5,9.0,9.0,8.5,7.5,7.5,7.5,9.0,6.5,9.0,7.5,9.0,9.0,9.0,7.5,9.0,8.5,9.0,9.0,7.5
conv_302,8.5,9.0,9.0,9.0,9.0,9.0,9.0,9.0,9.0,9.0,9.0,9.0,9.0,9.0,9.0,9.0,9.0,8.5,9.0,9.0,9.0,9.0,9.0,9.0,9.0,9.0,9.0,9.0,9.0,9.0
conv_303,8.5,8.5,9.0,9.0,8.5,8.5,8.5,8.5,8.5,8.5,8.5,6.5,8.5,8.5,8.5,8.5,8.5,8.5,8.5,9.0,8.5,9.0,7.5,9.0,9.0,8.5,9.0,8.5,8.5,8.5
conv_304,9.0,8.5,8.5,9.0,9.0,8.5,8.5,8.5,9.0,8.5,9.0,8.5,8.5,8.5,8.5,9.0,7.5,9.0,8.5,9.0,9.0,9.0,7.5,9.0,9.0,8.5,9.0,9.0,8.5,9.0
conv_305,7.5,8.5,8.5,6.5,8.5,7.5,8.5,8.5,8.5,8.5,8.5,8.5,8.5,8.5,8.5,7.5,8.5,8.5,8.5,9.0,8.5,6.5,8.5,9.0,8.5,8.5,8.5,8.5,8.5,8.5
conv_306,8.5,9.0,8.5,9.0,8.5,8.5,9.0,9.0,8.5,8.5,9.0,8.5,9.0,8.5,9.0,9.0,8.5,8.5,9.0,9.0,9.0,8.5,8.5,9.0,8.5,9.0,8.5,9.0,8.5,8.5
conv_307,9.0,9.0,9.0,9.0,9.0,9.0,9.0,9.0,9.0,9.0,9.0,9.0,9.0,9.0,9.0,9.0,9.0,9.0,8.5,8.5,9.0,9.0,9.0,9.0,9.0,9.0,8.5,9.0,8.5,9.0
conv_308,9.0,9.0,9.0,9.0,9.0,8.5,9.0,9.0,9.0,9.0,8.5,8.5,8.5,9.0,9.0,9.0,8.5,9.0,8.5,9.0,8.5,9.0,9.0,9.0,8.5,9.0,9.0,9.0,9.0,9.0
conv_309,9.0,9.0,9.0,9.0,9.0,8.5,8.5,9.0,9.0,9.0,9.0,9.0,9.0,8.5,9.0,8.5,8.5,9.0,9.0,9.0,9.0,9.0,9.0,9.0,9.0,8.5,9.0,9.0,9.0,9.0
conv_310,9.0,9.0,9.0,9.0,8.5,9.0,9.0,9.0,8.5,9.0,8.5,9.0,9.0,8.5,9.0,9.0,8.5,9.0,9.0,9.0,9.0,9.0,8.5,9.0,9.0,9.0,8.5,9.0,9.0,9.0
conv_311,8.5,9.0,9.0,9.0,9.0,9.0,9.0,9.0,9.0,9.0,9.0,9.0,9.0,9.0,9.0,9.0,9.0,9.0,9.0,9.0,9.0,9.0,8.5,9.0,9.0,9.0,9.0,9.0,9.0,9.0
conv_312,9.0,9.0,8.5,8.5,9.0,8.5,8.5,8.5,9.0,8.5,8.5,8.5,8.5,8.5,8.5,9.0,8.5,9.0,9.0,9.0,8.5,8.5,8.5,8.5,9.0,9.0,8.5,9.0,8.5,8.5
conv_313,8.5,8.5,8.5,7.5,8.5,8.5,8.5,8.5,8.5,8.5,8.5,8.5,8.5,8.5,8.5,8.5,8.5,8.5,8.5,8.5,8.5,8.5,8.5,8.5,7.5,8.5,8.5,8.5,8.5,8.5
conv_314,9.0,8.5,9.0,8.5,8.5,8.5,9.0,9.0,8.5,8.5,8.5,8.5,8.5,8.5,9.0,8.5,8.5,7.5,8.5,8.5,8.5,8.5,8.5,8.5,8.5,8.5,8.5,8.5,9.0,8.5
conv_315,8.5,8.5,8.5,8.5,8.5,9.0,8.5,8.5,8.5,9.0,9.0,9.0,9.0,8.5,8.5,9.0,8.5,9.0,8.5,8.5,8.5,8.5,9.0,8.5,8.5,8.5,9.0,9.0,8.5,9.0
conv_316,9.0,8.5,9.0,9.0,8.5,8.5,9.0,8.5,9.0,8.5,9.0,8.5,9.0,8.5,8.5,9.0,9.0,9.0,9.0,9.0,9.0,8.5,9.0,8.5,9.0,8.5,9.0,8.5,9.0,8.5
conv_317,8.5,9.0,8.5,9.0,8.5,9.0,9.0,9.0,8.5,9.0,8.5,9.0,8.5,9.0,9.0,8.5,9.0,8.5,9.0,9.0,8.5,9.0,9.0,9.0,9.0,9.0,8.5,9.0,8.5,9.0
conv_318,8.5,8.5,8.5,9.0,8.5,8.5,9.0,8.5,9.0,9.0,7.5,8.5,8.5,9.0,8.5,9.0,8.5,9.0,8.5,8.5,9.0,8.5,8.5,8.5,9.0,9.0,8.5,8.5,9.0,8.5
conv_319,8.5,9.0,8.5,9.0,9.0,9.0,8.5,9.0,9.0,9.0,8.5,9.0,9.0,9.0,9.0,9.0,8.5,9.0,8.5,9.0,9.0,9.0,8.5,9.0,9.0,9.0,9.0,9.0,8.5,9.0
conv_320,9.0,9.0,9.0,9.0,9.0,8.5,9.0,9.0,8.5,9.0,9.0,9.0,9.0,9.0,9.0,9.0,9.0,9.0,9.0,8.5,9.0,8.5,9.0,9.0,9.0,9.0,9.0,9.0,8.5,9.0
conv_321,9.0,9.0,9.0,8.5,9.0,8.5,9.0,8.5,9.0,9.0,9.0,9.0,9.0,9.0,8.5,9.0,8.5,8.5,8.5,8.5,8.5,9.0,8.5,8.5,9.0,8.5,8.5,8.5,8.5,8.5
conv_322,8.5,8.5,7.5,8.5,8.5,7.5,9.0,7.5,9.0,8.5,9.0,7.5,8.5,8.5,8.5,8.5,9.0,9.0,9.0,9.0,8.5,9.0,8.5,9.0,8.5,9.0,8.5,9.0,9.0,8.5
conv_323,9.0,9.0,9.0,7.5,8.5,8.5,8.5,9.0,9.0,9.0,9.0,8.5,9.0,9.0,9.0,9.0,9.0,9.0,9.0,9.0,8.5,9.0,8.5,8.5,8.5,9.0,8.5,9.0,9.0,8.5
conv_324,9.0,8.5,9.0,8.5,9.0,9.0,9.0,9.0,9.0,9.0,8.5,8.5,9.0,8.5,9.0,8.5,8.5,8.5,8.5,8.5,9.0,9.0,9.0,9.0,9.0,9.0,9.0,9.0,9.0,9.0
conv_325,8.5,8.5,8.5,9.0,9.0,8.5,9.0,8.5,9.0,9.0,9.0,9.0,9.0,8.5,9.0,9.0,8.5,8.5,8.5,9.0,8.5,9.0,8.5,8.5,8.5,8.5,9.0,8.5,9.0,9.0
conv_326,9.0,8.5,9.0,9.0,8.5,8.5,9.0,9.0,8.5,9.0,9.0,9.0,9.0,9.0,9.0,9.0,9.0,9.0,9.0,9.0,9.0,9.0,9.0,9.0,9.0,8.5,9.0,9.0,9.0,8.5
conv_327,8.5,8.5,9.0,8.5,9.0,8.5,8.5,9.0,8.5,9.0,9.0,9.0,8.5,8.5,8.5,9.0,8.5,9.0,8.5,9.0,9.0,9.0,8.5,9.0,9.0,9.0,8.5,9.0,9.0,8.5
conv_328,8.5,9.0,9.0,8.5,8.5,9.0,9.0,9.0,9.0,9.0,9.0,9.0,9.0,9.0,9.0,9.0,9.0,9.0,9.0,9.0,9.0,9.0,9.0,9.0,9.0,9.0,9.0,9.0,9.0,9.0
conv_329,9.0,7.5,8.5,9.0,8.5,9.0,8.5,7.5,8.5,8.5,8.5,9.0,8.5,8.5,9.0,8.5,8.5,8.5,7.5,8.5,8.5,8.5,8.5,8.5,8.5,8.5,8.5,8.5,7.5,8.5
conv_330,8.5,8.5,8.5,6.5,7.5,9.0,8.5,8.5,8.5,8.5,9.0,9.0,7.5,8.5,8.5,9.0,7.5,9.0,8.5,9.0,9.0,8.5,8.5,9.0,8.5,8.5,7.5,8.5,8.5,9.0
conv_331,9.0,7.5,8.5,7.5,7.5,8.5,8.5,6.5,9.0,7.5,8.5,7.5,8.5,8.5,9.0,8.5,9.0,6.5,6.5,8.5,7.5,9.0,7.5,9.0,8.5,9.0,8.5,8.5,7.5,8.5
conv_332,8.5,9.0,8.5,8.5,9.0,9.0,8.5,9.0,9.0,8.5,8.5,8.5,9.0,9.0,9.0,8.5,9.0,9.0,9.0,9.0,8.5,9.0,8.5,8.5,8.5,8.5,8.5,8.5,9.0,9.0
conv_333,9.0,8.5,9.0,8.5,8.5,8.5,8.5,9.0,8.5,8.5,8.5,8.5,8.5,9.0,8.5,8.5,8.5,8.5,8.5,8.5,8.5,8.5,8.5,8.5,8.5,8.5,8.5,8.5,8.5,9.0
conv_334,7.5,7.5,8.5,8.5,7.5,8.5,9.0,8.5,6.5,8.5,8.5,9.0,8.5,8.5,7.5,7.5,8.5,8.5,8.5,8.5,8.5,8.5,8.5,8.5,8.5,8.5,8.5,8.5,9.0,7.5
conv_335,9.0,9.0,9.0,8.5,8.5,8.5,9.0,9.0,9.0,9.0,8.5,9.0,8.5,9.0,9.0,9.0,9.0,9.0,9.0,9.0,8.5,8.5,9.0,8.5,9.0,9.0,9.0,8.5,9.0,8.5
conv_336,9.0,9.0,9.0,8.5,8.5,8.5,9.0,9.0,9.0,9.0,9.0,8.5,9.0,8.5,9.0,9.0,8.5,9.0,8.5,9.0,8.5,9.0,8.5,8.5,8.5,9.0,8.5,9.0,8.5,8.5
conv_337,8.5,9.0,9.0,9.0,8.5,9.0,9.0,9.0,8.5,9.0,9.0,8.5,8.5,9.0,8.5,9.0,9.0,9.0,8.5,9.0,8.5,8.5,8.5,8.5,8.5,9.0,9.0,9.0,9.0,9.0
conv_338,9.0,8.5,9.0,9.0,9.0,9.0,9.0,9.0,9.0,9.0,9.0,9.0,9.0,9.0,9.0,9.0,9.0,9.0,9.0,9.0,9.0,9.0,9.0,9.0,9.0,9.0,9.0,8.5,9.0,9.0
conv_339,9.0,9.0,9.0,8.5,7.5,9.0,9.0,8.5,8.5,9.0,9.0,9.0,8.5,9.0,9.0,9.0,9.0,9.0,8.5,8.5,9.0,9.0,8.5,9.0,9.0,9.0,9.0,9.0,9.0,9.0
conv_340,8.5,9.0,8.5,8.5,9.0,9.0,9.0,9.0,8.5,9.0,9.0,9.0,9.0,9.0,9.0,9.0,9.0,8.5,8.5,9.0,9.0,9.0,9.0,9.0,9.0,9.0,9.0,9.0,9.0,8.5
conv_341,8.5,9.0,9.0,9.0,9.0,9.0,9.0,9.0,9.0,8.5,8.5,9.0,9.0,9.0,9.0,9.0,8.5,9.0,8.5,9.0,9.0,9.0,9.0,8.5,9.0,8.5,8.5,9.0,9.0,9.0
conv_342,8.5,9.0,9.0,8.5,8.5,8.5,9.0,6.5,8.5,8.5,8.5,8.5,8.5,9.0,8.5,9.0,9.0,8.5,8.5,8.5,9.0,8.5,9.0,8.5,8.5,9.0,9.0,8.5,8.5,8.5
conv_343,9.0,8.5,8.5,9.0,9.0,9.0,8.5,9.0,9.0,9.0,9.0,9.0,9.0,8.5,8.5,9.0,9.0,9.0,9.0,8.5,9.0,9.0,9.0,9.0,9.0,9.0,9.0,9.0,9.0,9.0
conv_344,9.0,9.0,9.0,9.0,9.0,9.0,9.0,9.0,9.0,9.0,8.5,9.0,9.0,9.0,8.5,9.0,9.0,9.0,8.5,9.0,9.0,9.0,9.0,9.0,9.0,9.0,8.5,9.0,8.5,9.0
conv_345,9.0,9.0,9.0,9.0,9.0,9.0,9.0,9.0,9.0,9.0,8.5,9.0,8.5,9.0,9.0,9.0,9.0,9.0,9.0,9.0,9.0,9.0,9.0,9.0,9.0,9.0,9.0,9.0,9.0,9.0
conv_346,8.5,8.5,8.5,8.5,9.0,8.5,9.0,8.5,9.0,9.0,9.0,8.5,8.5,8.5,9.0,9.0,8.5,9.0,8.5,9.0,8.5,9.0,8.5,8.5,8.5,8.5,8.5,8.5,8.5,8.5
conv_347,8.5,8.5,8.5,8.5,8.5,8.5,9.0,7.5,8.5,8.5,8.5,8.5,8.5,8.5,8.5,8.5,8.5,8.5,8.5,9.0,8.5,7.5,8.5,8.5,8.5,8.5,8.5,8.5,8.5,8.5
conv_348,8.5,8.5,9.0,8.5,8.5,9.0,8.5,9.0,8.5,9.0,8.5,8.5,8.5,8.5,8.5,9.0,9.0,8.5,8.5,9.0,9.0,8.5,9.0,9.0,9.0,9.0,9.0,8.5,8.5,8.5
conv_349,9.0,8.5,8.5,8.5,9.0,8.5,8.5,8.5,8.5,8.5,8.5,8.5,8.5,9.0,8.5,9.0,8.5,9.0,8.5,9.0,8.5,8.5,9.0,8.5,8.5,8.5,9.0,8.5,9.0,8.5
conv_350,9.0,9.0,8.5,8.5,9.0,9.0,9.0,8.5,9.0,9.0,9.0,9.0,9.0,9.0,8.5,9.0,9.0,9.0,8.5,9.0,9.0,9.0,9.0,9.0,9.0,9.0,9.0,9.0,9.0,9.0
conv_351,8.5,8.5,8.5,8.5,8.5,8.5,7.5,8.5,8.5,7.5,9.0,8.5,8.5,8.5,9.0,7.5,9.0,8.5,9.0,8.5,9.0,8.5,9.0,8.5,8.5,8.5,8.5,8.5,9.0,7.5
conv_352,9.0,9.0,9.0,9.0,8.5,9.0,9.0,9.0,9.0,9.0,9.0,9.0,9.0,9.0,9.0,9.0,9.0,9.0,9.0,9.0,9.0,9.0,9.0,9.0,9.0,9.0,9.0,9.0,9.0,9.0
conv_353,8.5,8.5,9.0,8.5,8.5,8.5,9.0,8.5,8.5,8.5,8.5,8.5,7.5,8.5,9.0,9.0,7.5,8.5,8.5,6.5,8.5,8.5,8.5,8.5,9.0,8.5,8.5,8.5,8.5,8.5
conv_354,7.5,8.5,9.0,9.0,8.5,9.0,9.0,8.5,9.0,9.0,9.0,9.0,9.0,9.0,9.0,9.0,9.0,9.0,8.5,9.0,9.0,8.5,9.0,9.0,9.0,8.5,8.5,9.0,9.0,9.0
conv_355,9.0,8.5,9.0,9.0,9.0,8.5,8.5,8.5,9.0,8.5,9.0,8.5,9.0,8.5,8.5,9.0,8.5,8.5,9.0,8.5,9.0,8.5,9.0,8.5,8.5,8.5,9.0,9.0,8.5,8.5
conv_356,9.0,9.0,8.5,9.0,8.5,8.5,8.5,9.0,9.0,8.5,8.5,9.0,7.5,8.5,9.0,9.0,8.5,9.0,9.0,8.5,8.5,9.0,9.0,9.0,9.0,9.0,8.5,8.5,9.0,8.5
conv_357,8.5,9.0,9.0,9.0,9.0,9.0,8.5,9.0,9.0,9.0,9.0,9.0,9.0,9.0,9.0,8.5,9.0,8.5,9.0,9.0,9.0,9.0,8.5,8.5,8.5,9.0,8.5,9.0,8.5,9.0
conv_358,8.5,8.5,9.0,8.5,8.5,8.5,9.0,8.5,9.0,9.0,9.0,8.5,9.0,8.5,9.0,8.5,9.0,8.5,9.0,9.0,8.5,8.5,8.5,8.5,8.5,8.5,8.5,8.5,8.5,8.5
conv_359,8.5,8.5,9.0,9.0,8.5,8.5,8.5,8.5,8.5,7.5,8.5,8.5,8.5,8.5,8.5,8.5,8.5,8.5,9.0,8.5,8.5,8.5,8.5,8.5,8.5,9.0,8.5,8.5,8.5,8.5
conv_360,9.0,9.0,8.5,8.5,8.5,9.0,8.5,9.0,8.5,8.5,8.5,8.5,8.5,8.5,8.5,8.5,8.5,8.5,8.5,8.5,9.0,9.0,8.5,9.0,8.5,9.0,9.0,8.5,8.5,9.0
conv_361,8.5,8.5,8.5,8.5,8.5,7.5,9.0,8.5,9.0,8.5,9.0,8.5,8.5,8.5,9.0,8.5,9.0,8.5,8.5,8.5,8.5,8.5,9.0,8.5,8.5,8.5,8.5,8.5,8.5,8.5
conv_362,8.5,8.5,8.5,7.5,7.5,7.5,7.5,7.5,7.5,6.5,6.5,7.5,8.5,8.5,7.5,7.5,7.5,7.5,8.5,7.5,7.5,7.5,6.5,9.0,7.5,8.5,6.5,8.5,7.5,8.5
conv_363,8.5,9.0,8.5,8.5,9.0,9.0,9.0,9.0,9.0,9.0,9.0,9.0,9.0,9.0,9.0,8.5,9.0,9.0,9.0,9.0,8.5,9.0,9.0,9.0,9.0,8.5,8.5,8.5,9.0,9.0
conv_364,7.5,8.5,9.0,8.5,8.5,8.5,8.5,8.5,8.5,7.5,8.5,8.5,7.5,9.0,8.5,8.5,9.0,8.5,7.5,8.5,8.5,9.0,8.5,8.5,7.5,7.5,8.5,8.5,9.0,7.5
conv_365,9.0,9.0,8.5,8.5,9.0,9.0,9.0,9.0,9.0,8.5,8.5,9.0,8.5,9.0,9.0,9.0,9.0,9.0,9.0,9.0,8.5,9.0,8.5,8.5,9.0,9.0,8.5,9.0,8.5,9.0
conv_366,6.5,9.0,8.5,8.5,8.5,9.0,8.5,8.5,8.5,8.5,8.5,8.5,9.0,8.5,8.5,8.5,8.5,8.5,8.5,8.5,8.5,8.5,7.5,8.5,8.5,8.5,8.5,7.5,9.0,8.5
conv_367,9.0,9.0,8.5,9.0,9.0,9.0,9.0,8.5,9.0,8.5,9.0,9.0,9.0,9.0,9.0,9.0,9.0,9.0,8.5,9.0,9.0,8.5,9.0,8.5,9.0,9.0,8.5,9.0,8.5,9.0
conv_368,9.0,9.0,9.0,9.0,9.0,9.0,8.5,9.0,9.0,9.0,9.0,9.0,9.0,9.0,9.5,8.5,9.0,8.5,9.0,9.0,8.5,9.0,9.0,9.0,9.0,9.0,9.0,9.0,9.0,8.5
conv_369,9.0,8.5,8.5,9.0,8.5,8.5,8.5,9.0,8.5,8.5,8.5,7.5,8.5,9.0,9.0,8.5,8.5,9.0,6.5,8.5,8.5,8.5,9.0,8.5,8.5,9.0,6.5,8.5,8.5,8.5
conv_370,8.5,9.0,9.0,8.5,9.0,9.0,9.0,9.0,8.5,8.5,8.5,9.0,9.0,8.5,9.0,8.5,8.5,8.5,8.5,9.0,9.0,8.5,9.0,9.0,8.5,9.0,8.5,9.0,8.5,9.0
conv_371,8.5,9.0,9.0,9.0,9.0,8.5,9.0,9.0,9.0,9.0,9.0,9.0,9.0,9.0,9.0,9.0,9.0,9.0,9.0,8.5,9.0,9.0,9.0,9.0,9.0,9.0,9.0,9.0,9.0,9.0
conv_372,8.5,8.5,7.5,8.5,7.5,7.5,6.5,8.5,8.5,8.5,8.5,8.5,8.5,8.5,8.5,8.5,8.5,8.5,8.5,7.5,8.5,9.0,8.5,8.5,8.5,8.5,8.5,8.5,7.5,8.5
conv_373,8.5,9.0,9.0,9.0,9.0,9.0,8.5,9.0,9.0,9.0,9.0,8.5,9.0,8.5,9.0,8.5,9.0,8.5,9.0,9.0,9.0,9.0,8.5,9.0,9.0,9.0,9.0,8.5,8.5,9.0
conv_374,8.5,8.5,9.0,8.5,8.5,8.5,8.5,8.5,8.5,8.5,8.5,8.5,7.5,8.5,8.5,8.5,8.5,8.5,8.5,8.5,8.5,8.5,8.5,8.5,8.5,8.5,9.0,9.0,8.5,8.5
conv_375,8.5,8.5,9.0,8.5,7.5,8.5,8.5,8.5,8.5,8.5,8.5,8.5,8.5,9.0,9.0,8.5,8.5,8.5,9.0,8.5,8.5,9.0,8.5,8.5,8.5,8.5,8.5,8.5,8.5,8.5
conv_376,9.0,8.5,9.0,8.5,9.0,8.5,9.0,9.0,9.0,9.0,9.0,9.0,9.0,8.5,8.5,8.5,9.0,8.5,9.0,8.5,9.0,8.5,9.0,9.0,9.0,9.0,8.5,8.5,8.5,9.0
conv_377,9.0,9.0,8.5,9.0,8.5,9.0,9.0,8.5,8.5,8.5,8.5,9.0,8.5,9.0,8.5,9.0,9.0,8.5,8.5,9.0,8.5,9.0,9.0,8.5,8.5,9.0,9.0,9.0,8.5,9.0
conv_378,8.5,9.0,7.5,9.0,8.5,9.0,7.5,8.5,7.5,8.5,7.5,9.0,8.5,9.0,7.5,9.0,9.0,9.0,8.5,7.5,9.0,7.5,8.5,8.5,9.0,7.5,8.5,9.0,8.5,9.0
conv_379,9.0,7.5,8.5,6.5,9.0,8.5,8.5,8.5,7.5,9.0,7.5,8.5,8.5,8.5,7.5,9.0,7.5,6.5,8.5,8.5,8.5,8.5,8.5,9.0,7.5,8.5,9.0,8.5,8.5,7.5
conv_380,9.0,9.0,9.0,9.0,9.0,9.0,8.5,9.0,8.5,9.0,9.0,9.0,9.0,9.0,9.0,9.0,8.5,9.0,9.0,9.0,8.5,9.0,9.0,9.0,9.0,9.0,9.0,8.5,9.0,8.5
conv_381,8.5,9.0,8.5,8.5,8.5,8.5,8.5,8.5,8.5,8.5,9.0,8.5,8.5,9.0,8.5,8.5,9.0,8.5,8.5,8.5,8.5,8.5,8.5,8.5,8.5,8.5,8.5,8.5,8.5,8.5
conv_382,9.0,9.0,9.0,8.5,9.0,9.0,9.0,8.5,9.0,9.0,9.0,8.5,9.0,9.0,9.0,9.0,9.0,9.0,9.0,9.0,9.0,8.5,9.0,8.5,9.0,9.0,9.0,8.5,8.5,9.0
conv_383,9.0,8.5,7.5,8.5,8.5,9.0,8.5,8.5,8.5,8.5,8.5,8.5,9.0,8.5,9.0,8.5,8.5,8.5,8.5,8.5,8.5,8.5,7.5,8.5,9.0,8.5,8.5,8.5,9.0,8.5
conv_384,8.5,8.5,8.5,8.5,7.5,8.5,8.5,8.5,9.0,7.5,8.5,8.5,9.0,8.5,9.0,8.5,8.5,9.0,8.5,8.5,8.5,8.5,8.5,9.0,8.5,9.0,8.5,9.0,8.5,8.5
conv_385,9.0,8.5,9.0,9.0,9.0,9.0,9.0,9.0,9.0,9.0,9.0,9.0,9.0,9.0,9.0,9.0,9.0,9.0,9.0,9.0,9.0,9.0,9.0,9.0,9.0,9.0,9.0,9.0,9.0,8.5
conv_386,9.0,9.0,8.5,8.5,9.0,8.5,9.0,8.5,8.5,9.0,8.5,8.5,8.5,9.0,8.5,8.5,9.0,8.5,9.0,9.0,8.5,9.0,9.0,8.5,9.0,9.0,8.5,8.5,9.0,9.0
conv_387,8.5,8.5,9.0,8.5,8.5,7.5,8.5,8.5,8.5,9.0,9.0,9.0,9.0,9.0,8.5,9.0,8.5,9.0,9.0,8.5,8.5,8.5,8.5,9.0,8.5,8.5,7.5,9.0,8.5,9.0
conv_388,7.5,8.5,8.5,8.5,8.5,8.5,8.5,9.0,8.5,9.0,8.5,8.5,8.5,8.5,8.5,8.5,8.5,8.5,9.0,8.5,9.0,8.5,8.5,8.5,8.5,8.5,9.0,8.5,8.5,9.0
conv_389,8.5,8.5,8.5,8.5,8.5,9.0,7.5,8.5,8.5,8.5,8.5,8.5,8.5,8.5,8.5,8.5,8.5,8.5,8.5,8.5,7.5,8.5,7.5,8.5,8.5,8.5,8.5,6.5,6.5,8.5
conv_390,9.0,9.0,9.0,9.0,9.0,9.0,9.0,8.5,9.0,9.0,9.0,9.0,9.0,9.0,9.0,9.0,9.0,9.0,9.0,9.0,9.0,9.0,9.0,9.0,9.0,9.0,9.0,9.0,9.0,9.0
conv_391,8.5,9.0,9.0,9.0,9.0,9.0,9.0,8.5,9.0,9.0,9.0,9.0,9.0,9.0,9.0,9.0,9.0,9.0,9.0,9.0,9.0,9.0,8.5,9.0,9.0,9.0,9.0,9.0,9.0,9.0
conv_392,8.5,9.0,9.0,9.0,9.0,8.5,9.0,9.0,9.0,9.0,9.0,9.0,9.0,9.0,9.0,9.0,9.0,9.0,9.0,9.0,9.0,9.0,9.0,9.0,9.0,8.5,9.0,9.0,9.5,9.0
conv_393,9.0,9.0,9.0,9.0,9.0,9.0,9.0,9.0,9.0,9.0,9.0,8.5,9.0,9.0,9.0,9.0,9.0,9.0,9.0,9.0,9.0,9.0,9.0,8.5,9.0,9.0,9.0,9.0,9.0,9.0
conv_394,8.5,9.0,8.5,8.5,8.5,9.0,8.5,9.0,9.0,8.5,9.0,8.5,9.0,9.0,8.5,9.0,9.0,8.5,9.0,8.5,8.5,9.0,8.5,9.0,9.0,8.5,8.5,8.5,9.0,8.5
conv_395,9.0,9.0,9.0,9.0,9.0,9.0,9.0,9.0,9.0,9.0,9.0,9.0,8.5,9.0,9.0,9.0,9.0,9.0,8.5,9.0,9.0,9.0,9.0,9.0,9.0,9.0,9.0,9.0,9.0,9.0
conv_396,9.0,9.0,9.0,9.0,9.0,9.0,9.0,9.0,9.0,9.0,9.0,9.0,9.0,9.0,9.0,9.0,9.0,8.5,9.0,9.0,9.0,9.0,8.5,9.0,9.0,9.0,9.0,9.0,9.0,9.0
conv_397,8.5,9.0,9.0,8.5,9.0,9.0,8.5,9.0,8.5,8.5,9.0,9.0,9.0,9.0,8.5,9.0,9.0,9.0,9.0,9.0,9.0,9.0,8.5,9.0,9.0,9.0,9.0,8.5,9.0,8.5
conv_398,9.0,9.0,9.0,9.0,9.0,9.0,9.0,8.5,9.0,9.0,9.0,9.0,8.5,9.0,8.5,9.0,9.0,8.5,9.0,9.0,9.0,9.0,8.5,9.0,8.5,9.0,8.5,9.0,9.0,8.5
conv_399,8.5,8.5,8.5,8.5,8.5,8.5,8.5,8.5,8.5,8.5,8.5,8.5,8.5,7.5,8.5,7.5,8.5,8.5,8.5,8.5,8.5,8.5,8.5,8.5,8.5,8.5,8.5,8.5,7.5,8.5
conv_400,9.0,9.0,9.0,9.0,9.0,8.5,8.5,8.5,9.0,8.5,8.5,9.0,9.0,9.0,9.0,9.0,8.5,8.5,9.0,9.0,9.0,9.0,9.0,9.0,9.0,9.0,8.5,9.0,8.5,8.5
conv_401,9.0,9.0,9.0,9.0,9.0,9.0,9.0,9.0,9.0,9.0,9.0,9.0,9.0,8.5,9.0,9.0,9.0,9.0,9.0,8.5,8.5,9.0,9.0,9.0,8.5,9.0,9.0,9.0,9.0,9.0
conv_402,9.0,8.5,8.5,9.0,8.5,8.5,8.5,7.5,8.5,9.0,8.5,9.0,8.5,9.0,9.0,8.5,8.5,9.0,9.0,8.5,9.0,8.5,9.0,9.0,8.5,9.0,8.5,9.0,9.0,8.5
conv_403,8.5,9.0,8.5,9.0,7.5,8.5,8.5,8.5,8.5,9.0,8.5,8.5,9.0,8.5,8.5,9.0,8.5,8.5,8.5,8.5,8.5,8.5,8.5,8.5,9.0,8.5,8.5,9.0,8.5,8.5
conv_404,8.5,8.5,9.0,8.5,9.0,8.5,9.0,9.0,9.0,9.0,8.5,8.5,9.0,9.0,9.0,9.0,8.5,9.0,9.0,9.0,8.5,8.5,9.5,8.5,9.0,8.5,9.0,8.5,9.0,8.5
conv_405,8.5,8.5,8.5,8.5,8.5,8.5,8.5,8.5,8.5,8.5,8.5,7.5,8.5,8.5,8.5,8.5,7.5,7.5,7.5,8.5,8.5,8.5,8.5,8.5,7.5,8.5,8.5,8.5,8.5,8.5
conv_406,9.0,9.0,9.0,9.0,9.0,9.0,9.0,9.0,9.0,9.0,9.0,9.0,8.5,9.0,9.0,9.0,9.0,9.0,9.0,9.0,9.0,9.0,9.0,9.0,9.0,9.0,9.0,9.0,9.0,9.0
conv_407,9.0,9.0,9.0,9.0,9.0,9.0,9.0,9.0,9.0,9.0,8.5,9.5,9.0,8.5,9.0,9.0,9.0,9.0,9.0,9.0,9.0,9.0,9.0,9.0,8.5,9.0,9.0,8.5,9.0,9.0
conv_408,7.5,8.5,8.5,9.0,7.5,9.0,9.0,8.5,8.5,8.5,8.5,8.5,9.0,9.0,9.0,8.5,8.5,8.5,9.0,7.5,9.0,8.5,8.5,8.5,8.5,8.5,8.5,9.0,8.5,9.0
conv_409,9.0,8.5,9.0,9.0,9.0,9.0,8.5,9.0,8.5,9.0,8.5,9.0,9.0,9.0,9.0,9.0,9.0,8.5,9.0,9.0,9.0,8.5,8.5,9.0,9.0,9.0,8.5,9.0,8.5,9.0
conv_410,9.0,9.0,9.0,9.0,9.0,9.0,9.0,9.0,9.0,9.0,9.0,9.0,9.0,8.5,9.0,9.0,8.5,9.0,9.0,9.0,9.0,9.0,9.0,9.0,9.0,9.0,9.0,9.0,9.0,9.0
conv_411,7.5,7.5,8.5,8.5,8.5,8.5,8.5,8.5,8.5,8.5,8.5,8.5,8.5,8.5,7.5,8.5,8.5,8.5,8.5,8.5,8.5,8.5,9.0,8.5,8.5,7.5,8.5,7.5,8.5,7.5
conv_412,8.5,9.0,9.0,9.0,8.5,9.0,9.0,8.5,9.0,9.0,9.0,9.0,8.5,8.5,9.0,9.0,9.0,9.0,8.5,9.0,8.5,7.5,9.0,8.5,8.5,9.0,9.0,8.5,9.0,9.0
conv_413,8.5,8.5,9.0,9.0,8.5,8.5,9.0,9.0,9.0,9.0,8.5,9.0,9.0,9.0,8.5,8.5,9.0,8.5,8.5,8.5,9.0,8.5,9.0,8.5,9.0,9.0,8.5,9.0,8.5,9.0
conv_414,9.0,9.0,9.0,9.0,8.5,9.0,9.0,9.0,9.0,9.0,9.0,9.0,8.5,9.0,9.0,9.0,9.0,8.5,9.0,9.0,9.0,8.5,9.0,8.5,9.0,9.0,9.0,9.0,9.0,9.0
conv_415,8.5,8.5,9.0,8.5,8.5,8.5,8.5,7.5,9.0,8.5,8.5,8.5,9.0,8.5,9.0,8.5,8.5,7.5,9.0,7.5,8.5,8.5,8.5,9.0,8.5,8.5,8.5,8.5,8.5,8.5
conv_416,8.5,8.5,9.0,8.5,8.5,8.5,8.5,9.0,9.0,8.5,8.5,9.0,9.0,9.0,9.0,9.0,8.5,8.5,8.5,9.0,9.0,9.0,9.0,8.5,8.5,9.0,8.5,8.5,8.5,9.0
conv_417,8.5,9.0,9.0,9.0,9.0,9.0,9.0,8.5,9.0,9.0,8.5,9.0,9.0,8.5,9.0,9.0,9.0,8.5,9.0,9.0,9.0,8.5,9.0,9.0,8.5,9.0,8.5,9.0,8.5,9.0
conv_418,9.0,8.5,8.5,8.5,9.0,8.5,9.0,8.5,8.5,9.0,9.0,8.5,8.5,8.5,9.0,8.5,8.5,8.5,9.0,8.5,8.5,8.5,8.5,8.5,7.5,9.0,8.5,9.0,8.5,9.0
conv_419,8.5,8.5,8.5,8.5,8.5,8.5,9.0,8.5,8.5,8.5,7.5,7.5,8.5,8.5,7.5,8.5,9.0,8.5,8.5,8.5,9.0,8.5,8.5,8.5,8.5,8.5,9.0,8.5,8.5,8.5
conv_420,8.5,9.0,8.5,9.0,8.5,9.0,9.0,8.5,7.5,8.5,8.5,8.5,8.5,8.5,9.0,8.5,9.0,9.0,9.0,8.5,8.5,9.0,9.0,8.5,8.5,8.5,8.5,8.5,8.5,8.5
conv_421,9.0,9.0,8.5,9.0,9.0,9.0,9.0,9.0,9.0,9.0,8.5,9.0,9.0,9.0,9.0,9.0,9.0,9.0,8.5,8.5,9.0,9.0,9.0,8.5,8.5,8.5,9.0,9.0,8.5,9.0
conv_422,8.5,9.0,9.0,9.0,8.5,8.5,8.5,9.0,7.5,9.0,9.0,8.5,9.0,9.0,9.0,8.5,8.5,9.0,8.5,8.5,9.0,8.5,9.0,9.0,8.5,8.5,9.0,8.5,7.5,8.5
conv_423,8.5,8.5,9.0,8.5,8.5,8.5,8.5,9.0,9.0,9.0,8.5,8.5,9.0,8.5,9.0,9.0,8.5,9.0,9.0,8.5,8.5,9.0,8.5,8.5,9.0,8.5,8.5,9.0,8.5,9.0
conv_424,8.5,7.5,8.5,8.5,8.5,8.5,8.5,8.5,8.5,8.5,9.0,8.5,7.5,9.0,6.5,8.5,7.5,7.5,9.0,8.5,8.5,8.5,7.5,8.5,7.5,8.5,8.5,8.5,7.5,8.5
conv_425,9.0,8.5,9.0,9.0,9.0,9.0,9.0,8.5,8.5,8.5,8.5,8.5,9.0,8.5,8.5,9.0,9.0,8.5,9.0,9.0,9.0,9.0,8.5,9.0,8.5,9.0,8.5,9.0,9.0,9.0
conv_426,9.0,8.5,9.0,9.0,9.0,8.5,9.0,9.0,9.0,9.0,9.0,9.0,9.0,8.5,9.0,9.0,9.0,8.5,9.0,9.0,9.0,8.5,9.0,9.0,9.0,8.5,9.0,9.0,8.5,8.5
conv_427,8.5,8.5,8.5,8.5,9.0,8.5,9.0,8.5,8.5,8.5,8.5,8.5,8.5,8.5,8.5,8.5,8.5,8.5,9.0,8.5,8.5,8.5,9.0,8.5,8.5,8.5,9.0,8.5,8.5,8.5
conv_428,8.5,9.0,8.5,8.5,9.0,9.0,9.0,8.5,9.0,8.5,8.5,8.5,8.5,7.5,9.0,9.0,8.5,8.5,9.0,8.5,8.5,8.5,8.5,9.0,8.5,8.5,8.5,7.5,9.0,9.0
conv_429,8.5,8.5,8.5,8.5,8.5,8.5,8.5,7.5,8.5,9.0,8.5,8.5,8.5,7.5,8.5,9.0,8.5,8.5,8.5,8.5,8.5,8.5,8.5,8.5,8.5,8.5,7.5,8.5,8.5,8.5
conv_430,8.5,8.5,8.5,8.5,8.5,9.0,8.5,8.5,8.5,8.5,8.5,8.5,7.5,8.5,7.5,8.5,8.5,8.5,7.5,8.5,7.5,8.5,7.5,8.5,8.5,8.5,8.5,8.5,8.5,7.5
conv_431,8.5,8.5,9.0,8.5,7.5,9.0,7.5,8.5,7.5,8.5,9.0,7.5,7.5,8.5,7.5,7.5,9.0,8.5,9.0,6.5,8.5,7.5,9.0,6.5,9.0,7.5,6.5,9.0,8.5,9.0
conv_432,8.5,7.5,8.5,8.5,8.5,8.5,8.5,8.5,8.5,7.5,8.5,8.5,8.5,8.5,8.5,8.5,8.5,8.5,9.0,8.5,8.5,8.5,8.5,8.5,9.0,8.5,8.5,8.5,8.5,8.5
conv_433,8.5,7.5,8.5,8.5,8.5,8.5,8.5,8.5,9.0,8.5,8.5,8.5,8.5,8.5,8.5,8.5,7.5,8.5,8.5,8.5,9.0,8.5,9.0,7.5,9.0,8.5,8.5,8.5,8.5,8.5
conv_434,8.5,8.5,9.0,9.0,9.0,9.0,9.0,8.5,9.0,9.0,9.0,9.0,9.0,8.5,9.0,9.0,9.0,9.0,9.0,9.0,9.0,9.0,9.0,9.0,9.0,9.0,9.0,9.0,9.0,9.0
conv_435,8.5,8.5,9.0,9.0,9.0,8.5,9.0,9.0,9.0,9.0,9.0,9.0,9.0,9.0,9.0,8.5,9.0,9.0,9.0,9.0,7.5,9.0,9.0,9.0,9.0,8.5,9.0,9.0,9.0,9.0
conv_436,6.5,8.5,9.0,8.5,9.0,7.5,8.5,8.5,8.5,8.5,7.5,9.0,8.5,6.5,9.0,7.5,8.5,8.5,9.0,7.5,7.5,7.5,9.0,9.0,8.5,9.0,6.5,8.5,9.0,9.0
conv_437,9.0,9.0,9.0,9.0,9.0,8.5,8.5,9.0,9.0,9.0,8.5,9.0,9.0,9.0,8.5,9.0,9.0,9.0,8.5,9.0,9.0,9.0,8.5,9.0,8.5,9.0,9.0,9.0,8.5,9.0
conv_438,9.0,7.5,8.5,7.5,8.5,8.5,8.5,8.5,7.5,9.0,8.5,8.5,8.5,8.5,8.5,8.5,8.5,8.5,8.5,8.5,8.5,8.5,8.5,8.5,8.5,8.5,8.5,9.0,8.5,8.5
conv_439,9.0,9.0,9.0,9.0,9.0,9.0,9.0,9.0,9.0,8.5,9.0,8.5,9.0,9.0,8.5,9.0,9.0,9.0,8.5,8.5,9.0,9.0,8.5,9.0,8.5,9.0,8.5,9.0,8.5,8.5
conv_440,8.5,8.5,8.5,8.5,7.5,7.5,8.5,9.0,8.5,9.0,8.5,7.5,8.5,8.5,8.5,8.5,9.0,7.5,8.5,8.5,8.5,8.5,8.5,8.5,8.5,9.0,7.5,8.5,8.5,8.5
conv_441,8.5,9.0,8.5,8.5,7.5,8.5,9.0,8.5,7.5,8.5,8.5,9.0,7.5,7.5,8.5,9.0,9.0,8.5,8.5,8.5,7.5,8.5,8.5,8.5,7.5,8.5,8.5,8.5,8.5,6.5
conv_442,9.0,9.0,9.0,9.0,9.0,9.0,8.5,9.0,9.0,8.5,9.0,8.5,9.0,9.0,9.0,9.0,8.5,9.0,9.0,9.0,9.0,9.0,8.5,9.0,8.5,9.0,8.5,9.0,9.0,8.5
conv_443,9.0,8.5,9.0,8.5,9.0,8.5,8.5,8.5,9.0,8.5,8.5,9.0,8.5,9.0,8.5,9.0,8.5,9.0,8.5,9.0,8.5,9.0,8.5,9.0,8.5,9.0,8.5,9.0,9.0,8.5
conv_444,8.5,9.0,9.0,9.0,9.0,9.0,9.0,9.0,9.0,9.0,9.0,9.0,9.0,9.0,9.0,8.5,9.0,9.0,9.0,9.0,9.0,9.0,9.0,8.5,9.0,8.5,9.0,9.0,8.5,9.0
conv_445,8.5,9.0,8.5,8.5,9.0,9.0,9.0,9.0,9.0,8.5,8.5,9.0,8.5,8.5,8.5,8.5,8.5,8.5,8.5,7.5,9.0,8.5,8.5,8.5,8.5,8.5,8.5,8.5,8.5,9.0
conv_446,8.5,8.5,8.5,9.0,7.5,9.0,8.5,8.5,8.5,8.5,8.5,8.5,8.5,7.5,7.5,9.0,7.5,7.5,7.5,9.0,7.5,8.5,8.5,8.5,6.5,9.0,8.5,6.5,8.5,8.5
conv_447,9.0,8.5,9.0,9.0,9.0,8.5,8.5,9.0,8.5,8.5,9.0,9.0,9.0,9.0,9.0,9.0,9.0,8.5,9.0,8.5,8.5,8.5,8.5,9.0,9.0,8.5,9.0,9.0,9.0,8.5
conv_448,9.0,8.5,8.5,8.5,8.5,9.0,8.5,8.5,8.5,8.5,8.5,8.5,8.5,8.5,8.5,9.0,8.5,8.5,8.5,8.5,8.5,8.5,8.5,8.5,8.5,9.0,9.0,8.5,8.5,8.5
conv_449,9.0,8.5,8.5,9.0,8.5,9.0,8.5,9.0,8.5,9.0,8.5,8.5,9.0,8.5,8.5,8.5,8.5,9.0,8.5,8.5,9.0,8.5,8.5,9.0,8.5,8.5,8.5,9.0,8.5,9.0
conv_450,8.5,8.5,8.5,8.5,8.5,7.5,8.5,8.5,8.5,8.5,7.5,8.5,9.0,8.5,8.5,8.5,9.0,8.5,8.5,9.0,8.5,8.5,9.0,8.5,8.5,8.5,8.5,8.5,8.5,8.5
conv_451,8.5,9.0,9.0,8.5,8.5,9.0,8.5,9.0,9.0,9.0,9.0,8.5,9.0,8.5,9.0,9.0,9.0,9.0,9.0,8.5,8.5,9.0,9.0,8.5,9.0,9.0,9.0,9.0,8.5,9.0
conv_452,8.5,7.5,8.5,8.5,8.5,8.5,8.5,8.5,8.5,7.5,8.5,8.5,8.5,7.5,8.5,8.5,8.5,8.5,8.5,8.5,8.5,8.5,9.0,8.5,8.5,8.5,8.5,8.5,9.0,8.5
conv_453,8.5,8.5,8.5,7.5,9.0,8.5,9.0,8.5,9.0,8.5,8.5,8.5,9.0,8.5,8.5,8.5,8.5,8.5,8.5,8.5,8.5,8.5,8.5,8.5,9.0,9.0,8.5,9.0,8.5,8.5
conv_454,8.5,8.5,9.0,9.0,8.5,9.0,8.5,8.5,8.5,8.5,9.0,8.5,8.5,9.0,8.5,8.5,8.5,8.5,9.0,8.5,8.5,8.5,8.5,8.5,8.5,9.0,9.0,8.5,8.5,8.5
conv_455,9.0,9.0,9.0,9.0,9.0,9.0,9.0,9.0,9.0,9.0,8.5,9.0,9.0,9.0,8.5,8.5,9.0,9.0,8.5,9.0,8.5,8.5,8.5,9.0,8.5,9.0,9.0,9.0,9.0,8.5
conv_456,8.5,8.5,9.0,9.0,8.5,8.5,8.5,8.5,8.5,9.0,9.0,9.0,9.0,8.5,9.0,8.5,8.5,8.5,9.0,8.5,9.0,9.0,8.5,9.0,9.0,8.5,8.5,9.0,8.5,9.0
conv_457,8.5,8.5,8.5,8.5,8.5,8.5,9.0,9.0,9.0,8.5,9.0,9.0,8.5,9.0,9.0,8.5,8.5,8.5,8.5,7.5,8.5,9.0,8.5,9.0,9.0,9.0,8.5,8.5,9.0,9.0
conv_458,9.0,9.0,9.0,9.0,9.0,8.5,8.5,9.0,9.0,9.0,9.0,9.0,9.0,8.5,9.0,9.0,9.0,9.0,9.0,9.0,8.5,8.5,9.0,9.0,8.5,9.0,8.5,9.0,9.0,8.5
conv_459,9.0,9.0,9.0,9.0,9.0,9.0,9.0,9.0,9.0,9.0,9.0,9.0,8.5,9.0,8.5,8.5,9.0,8.5,9.0,9.0,9.0,9.0,9.0,8.5,9.0,9.0,8.5,9.0,9.0,9.0
conv_460,9.0,8.5,8.5,8.5,8.5,9.0,8.5,8.5,9.0,8.5,9.0,9.0,8.5,8.5,8.5,8.5,9.0,9.0,8.5,9.0,7.5,8.5,8.5,9.0,8.5,9.0,9.0,8.5,8.5,8.5
conv_461,8.5,9.0,8.5,8.5,9.0,9.0,9.0,8.5,8.5,9.0,9.0,8.5,9.0,8.5,8.5,9.0,9.0,9.0,9.0,9.0,9.0,9.0,9.0,9.0,9.0,8.5,8.5,9.0,8.5,8.5
conv_462,9.0,9.0,9.0,9.0,8.5,9.0,9.0,9.0,8.5,9.0,8.5,9.0,9.0,9.0,8.5,9.0,9.0,9.0,8.5,9.0,9.0,9.0,8.5,8.5,9.0,9.0,9.0,9.0,9.0,9.0
conv_463,8.5,8.5,8.5,8.5,7.5,8.5,8.5,8.5,8.5,8.5,9.0,8.5,9.0,8.5,9.0,8.5,8.5,8.5,8.5,8.5,8.5,7.5,9.0,8.5,9.0,8.5,8.5,8.5,8.5,8.5
conv_464,8.5,9.0,9.0,9.0,9.0,9.0,9.0,9.0,9.0,8.5,9.0,8.5,8.5,9.0,8.5,8.5,9.0,9.0,6.5,9.0,9.0,8.5,9.0,9.0,8.5,9.0,9.0,9.0,9.0,9.0
conv_465,8.5,9.0,8.5,9.0,8.5,9.0,9.0,8.5,9.0,9.0,9.0,8.5,8.5,8.5,9.0,6.5,9.0,9.0,9.0,8.5,9.0,8.5,9.0,9.0,9.0,9.0,8.5,9.0,9.0,9.0
conv_466,9.0,9.0,9.0,9.0,9.0,9.0,9.0,9.0,9.0,8.5,7.5,8.5,9.0,8.5,9.0,8.5,8.5,8.5,8.5,7.5,8.5,9.0,8.5,6.5,9.0,9.0,8.5,8.5,8.5,9.0
conv_467,9.0,9.0,9.0,9.0,9.0,8.5,8.5,9.0,9.0,8.5,9.0,9.0,9.0,9.0,9.0,9.0,8.5,8.5,9.0,9.0,9.0,9.0,9.0,9.0,9.0,9.0,8.5,9.0,9.0,9.0
conv_468,7.5,9.0,8.5,8.5,8.5,8.5,8.5,8.5,8.5,8.5,8.5,8.5,8.5,8.5,8.5,8.5,8.5,7.5,8.5,8.5,8.5,8.5,6.5,8.5,7.5,8.5,8.5,8.5,8.5,8.5
conv_469,8.5,9.0,8.5,9.0,9.0,8.5,8.5,8.5,8.5,8.5,8.5,9.0,8.5,8.5,8.5,8.5,9.0,9.0,8.5,9.0,7.5,9.0,8.5,8.5,8.5,8.5,8.5,9.0,8.5,9.0
conv_470,8.5,9.0,9.0,8.5,9.0,9.0,9.0,8.5,9.0,9.0,9.0,7.5,9.0,8.5,8.5,8.5,9.0,8.5,8.5,8.5,7.5,9.0,9.0,9.0,9.0,8.5,8.5,9.0,8.5,9.0
conv_471,8.5,9.0,9.0,8.5,8.5,8.5,8.5,8.5,7.5,9.0,8.5,8.5,8.5,8.5,9.0,8.5,9.0,9.0,8.5,8.5,9.0,9.0,8.5,8.5,8.5,8.5,9.0,8.5,9.0,8.5
conv_472,9.0,9.0,8.5,9.0,8.5,8.5,9.0,8.5,9.0,9.0,8.5,9.0,9.0,9.0,9.0,9.0,9.0,9.0,9.0,9.0,9.0,9.0,9.0,8.5,9.0,9.0,9.0,9.0,9.0,9.0
conv_473,8.5,8.5,8.5,8.5,8.5,8.5,8.5,8.5,8.5,7.5,8.5,8.5,8.5,8.5,9.0,9.0,8.5,8.5,8.5,8.5,8.5,9.0,8.5,8.5,8.5,8.5,8.5,9.0,8.5,8.5
conv_474,8.5,8.5,8.5,8.5,8.5,8.5,8.5,8.5,9.0,7.5,8.5,9.0,8.5,7.5,8.5,8.5,8.5,8.5,8.5,7.5,9.0,8.5,8.5,7.5,7.5,9.0,9.0,6.5,9.0,8.5
conv_475,8.5,8.5,9.0,8.5,9.0,9.0,9.0,9.0,9.0,9.0,9.0,8.5,8.5,8.5,9.0,9.0,9.0,9.0,9.0,9.0,9.0,9.0,9.0,9.0,9.0,9.0,9.0,9.0,9.0,9.0
conv_476,9.0,8.5,9.0,8.5,8.5,9.0,8.5,8.5,8.5,9.0,9.0,8.5,9.0,9.0,9.0,9.0,8.5,9.0,9.0,8.5,8.5,9.0,9.0,9.0,9.0,9.0,9.0,9.0,9.0,9.0
conv_477,9.0,9.0,9.0,9.0,9.0,9.0,9.0,9.0,9.0,9.0,9.0,9.0,9.0,9.0,9.0,9.0,9.0,9.0,9.0,9.0,9.0,9.0,9.0,8.5,9.0,9.0,9.0,9.0,8.5,9.0
conv_478,9.0,9.0,9.0,9.0,9.0,9.0,9.0,9.0,9.0,9.0,9.0,9.0,7.5,8.5,9.0,9.0,8.5,9.0,9.0,9.0,9.0,9.0,9.0,9.0,9.0,9.0,9.0,9.0,9.0,9.0
conv_479,9.0,9.0,9.0,9.0,9.0,9.0,9.0,9.0,9.0,9.0,9.0,9.0,9.0,9.0,9.0,9.0,9.0,9.0,9.0,9.0,9.0,9.0,9.0,9.0,9.0,9.0,9.0,9.0,9.0,9.0
conv_480,8.5,9.0,8.5,8.5,8.5,8.5,8.5,9.0,8.5,9.0,8.5,9.0,8.5,8.5,8.5,8.5,8.5,8.5,9.0,7.5,8.5,8.5,8.5,8.5,7.5,9.0,8.5,8.5,8.5,8.5
conv_481,8.5,9.0,8.5,8.5,8.5,8.5,8.5,9.0,8.5,8.5,8.5,8.5,9.0,8.5,8.5,9.0,8.5,8.5,9.0,9.0,8.5,9.0,8.5,8.5,9.0,8.5,8.5,8.5,8.5,8.5
conv_482,8.5,9.0,9.0,9.0,9.0,9.0,8.5,9.0,9.0,9.0,8.5,9.0,9.0,9.0,9.0,9.0,9.0,9.0,9.0,9.0,9.0,9.0,9.0,9.0,9.0,9.0,9.0,8.5,9.0,9.0
conv_483,8.5,9.0,9.0,9.0,9.0,9.5,9.0,9.0,9.0,9.0,9.0,9.0,9.0,9.0,9.0,9.0,9.0,9.0,9.0,9.0,9.0,9.0,9.0,9.0,9.0,9.0,9.0,9.0,9.0,9.0
conv_484,8.5,8.5,8.5,8.5,8.5,8.5,8.5,8.5,8.5,9.0,7.5,9.0,9.0,8.5,8.5,8.5,8.5,9.0,9.0,8.5,8.5,9.0,8.5,9.0,8.5,6.5,7.5,9.0,8.5,8.5
conv_485,9.0,7.5,8.5,8.5,8.5,8.5,8.5,8.5,8.5,8.5,8.5,8.5,7.5,8.5,8.5,9.0,8.5,8.5,8.5,7.5,8.5,8.5,8.5,8.5,8.5,8.5,8.5,8.5,9.0,8.5
conv_486,8.5,9.0,8.5,9.0,9.0,9.0,9.0,9.0,8.5,9.0,9.0,9.0,9.0,9.0,8.5,9.0,9.0,9.0,8.5,9.0,8.5,9.0,9.0,9.0,8.5,9.0,9.0,9.0,9.0,8.5
conv_487,7.5,8.5,8.5,8.5,9.0,9.0,8.5,8.5,9.0,9.0,8.5,9.0,9.0,8.5,8.5,9.0,7.5,9.0,9.0,8.5,9.0,6.5,8.5,8.5,8.5,9.0,8.5,7.5,9.0,7.5
conv_488,9.0,9.0,9.0,9.0,9.0,9.0,9.0,9.0,9.0,9.0,9.0,9.0,9.0,9.0,9.0,9.0,8.5,9.0,9.0,9.0,9.0,9.0,9.0,9.0,9.0,9.0,9.0,9.0,9.0,9.0
conv_489,8.5,9.0,8.5,9.0,8.5,8.5,9.0,8.5,9.0,8.5,8.5,8.5,8.5,9.0,9.0,9.0,9.0,8.5,9.0,9.0,8.5,9.0,8.5,9.0,9.0,9.0,8.5,9.0,8.5,9.0
conv_490,8.5,9.0,9.0,9.0,9.0,9.0,9.0,8.5,9.0,9.0,8.5,8.5,9.0,9.0,9.0,9.0,9.0,9.0,9.0,9.0,9.0,9.0,9.0,9.0,9.0,9.0,9.0,9.0,9.0,9.0
conv_491,9.0,9.0,9.0,9.0,9.0,8.5,9.0,9.0,9.0,9.0,9.0,8.5,8.5,9.0,9.0,9.0,9.0,9.0,9.0,8.5,9.0,8.5,8.5,9.0,7.5,9.0,8.5,9.0,8.5,9.0
conv_492,8.5,9.0,9.0,9.0,8.5,9.0,9.0,8.5,9.0,9.0,9.0,9.0,8.5,8.5,9.0,9.0,9.0,8.5,9.0,9.0,9.0,9.0,8.5,8.5,9.0,8.5,7.5,9.0,9.0,8.5
conv_493,8.5,9.0,9.0,8.5,8.5,9.0,8.5,8.5,8.5,8.5,9.0,8.5,9.0,9.0,9.0,9.0,9.0,9.0,9.0,8.5,9.0,9.0,8.5,9.0,8.5,8.5,9.0,9.0,8.5,8.5
conv_494,8.5,9.0,9.0,9.0,8.5,9.0,9.0,9.0,9.0,9.0,9.0,9.0,9.0,9.0,9.0,8.5,9.0,9.0,9.0,9.0,9.0,9.0,9.0,9.0,9.0,9.0,9.0,9.0,9.0,9.0
conv_495,8.5,8.5,8.5,9.0,8.5,8.5,8.5,8.5,9.0,8.5,8.5,8.5,9.0,8.5,8.5,6.5,8.5,8.5,8.5,8.5,8.5,7.5,8.5,8.5,9.0,8.5,8.5,8.5,8.5,8.5
conv_496,8.5,8.5,9.0,9.0,9.0,8.5,9.0,9.0,9.0,9.0,9.0,9.0,9.0,9.0,9.0,9.0,9.0,9.0,9.0,9.0,9.0,9.0,9.0,9.0,9.0,9.0,9.0,9.0,9.0,9.0
conv_497,8.5,9.0,9.0,9.0,9.0,9.0,9.0,9.0,9.0,9.0,9.0,9.0,9.0,9.0,9.0,9.0,9.0,9.0,9.0,8.5,9.0,9.0,9.0,9.0,9.0,9.0,9.0,9.0,9.0,9.0
conv_498,8.5,8.5,8.5,8.5,8.5,8.5,8.5,7.5,8.5,8.5,8.5,8.5,8.5,8.5,8.5,8.5,8.5,9.0,8.5,9.0,8.5,8.5,8.5,8.5,8.5,8.5,8.5,8.5,8.5,8.5
conv_499,9.0,8.5,9.0,8.5,8.5,9.0,9.0,8.5,9.0,8.5,7.5,9.0,9.0,9.0,8.5,8.5,9.0,9.0,9.0,9.0,9.0,8.5,9.0,9.0,9.0,9.0,9.0,8.5,8.5,8.5
