Conversation_ID,Turn_1,Turn_2,Turn_3,Turn_4,Turn_5,Turn_6,Turn_7,Turn_8,Turn_9,Turn_10,Turn_11,Turn_12,Turn_13,Turn_14,Turn_15,Turn_16,Turn_17,Turn_18,Turn_19,Turn_20,Turn_21,Turn_22,Turn_23,Turn_24,Turn_25,Turn_26,Turn_27,Turn_28,Turn_29,Turn_30
conv_000,7.0,8.0,8.0,7.0,8.0,10.0,8.0,5.0,7.0,8.0,8.0,2.0,8.0,8.0,8.0,8.0,8.0,8.0,8.0,8.0,8.0,5.0,8.0,8.0,8.0,8.0,8.0,8.0,8.0,5.0
conv_001,7.0,8.0,8.0,8.0,8.0,8.0,8.0,7.0,8.0,3.0,8.0,10.0,8.0,8.0,8.0,2.0,8.0,8.0,8.0,8.0,8.0,8.0,10.0,8.0,8.0,8.0,8.0,7.0,8.0,8.0
conv_002,8.0,8.0,8.0,8.0,8.0,9.0,3.0,7.0,8.0,8.0,8.0,8.0,7.0,8.0,8.0,8.0,10.0,8.0,8.0,8.0,8.0,7.0,10.0,8.0,8.0,10.0,8.0,7.0,8.0,7.0
conv_003,8.0,8.0,8.0,8.0,8.0,8.0,10.0,8.0,8.0,8.0,8.0,8.0,9.0,8.0,8.0,8.0,10.0,10.0,8.0,8.0,8.0,8.0,7.0,8.0,8.0,8.0,8.0,9.0,8.0,8.0
conv_004,8.0,8.0,8.0,8.0,8.0,8.0,8.0,8.0,8.0,8.0,8.0,8.0,10.0,8.0,8.0,8.0,8.0,8.0,8.0,8.0,7.0,8.0,8.0,6.0,8.0,9.0,7.0,10.0,8.0,6.0
conv_005,5.0,8.0,4.0,8.0,6.0,8.0,8.0,8.0,5.0,2.0,8.0,8.0,8.0,8.0,8.0,4.0,8.0,8.0,8.0,7.0,8.0,3.0,8.0,8.0,8.0,10.0,5.0,8.0,9.0,8.0
conv_006,7.0,7.0,8.0,8.0,10.0,8.0,7.0,8.0,10.0,8.0,8.0,8.0,7.0,8.0,10.0,10.0,10.0,8.0,9.0,8.0,5.0,10.0,8.0,8.0,8.0,8.0,8.0,8.0,7.0,8.0
conv_007,8.0,8.0,8.0,8.0,8.0,8.0,8.0,4.0,8.0,8.0,8.0,8.0,8.0,8.0,8.0,8.0,8.0,8.0,7.0,4.0,7.0,8.0,7.0,7.0,7.0,5.0,8.0,8.0,7.0,8.0
conv_008,8.0,7.0,8.0,7.0,8.0,10.0,8.0,8.0,8.0,8.0,7.0,8.0,9.0,8.0,8.0,8.0,8.0,9.0,8.0,8.0,8.0,8.0,10.0,4.0,8.0,7.0,8.0,8.0,8.0,8.0
conv_009,8.0,7.0,8.0,8.0,8.0,5.0,8.0,8.0,8.0,7.0,8.0,8.0,6.0,4.0,7.0,4.0,8.0,2.0,3.0,8.0,8.0,8.0,8.0,8.0,8.0,8.0,8.0,8.0,7.0,8.0
conv_010,3.0,8.0,8.0,4.0,8.0,8.0,8.0,8.0,8.0,8.0,8.0,8.0,8.0,7.0,7.0,7.0,8.0,10.0,8.0,8.0,7.0,6.0,8.0,8.0,6.0,7.0,7.0,8.0,8.0,8.0
conv_011,5.0,8.0,8.0,7.0,8.0,8.0,8.0,8.0,8.0,8.0,8.0,9.0,8.0,8.0,7.0,7.0,8.0,8.0,8.0,8.0,8.0,8.0,8.0,7.0,8.0,8.0,8.0,8.0,7.0,8.0
conv_012,8.0,2.0,8.0,8.0,7.0,8.0,8.0,7.0,5.0,4.0,7.0,8.0,8.0,10.0,3.0,8.0,10.0,8.0,8.0,8.0,8.0,10.0,8.0,7.0,8.0,8.0,8.0,3.0,8.0,8.0
conv_013,8.0,7.0,8.0,7.0,8.0,8.0,8.0,8.0,8.0,8.0,8.0,8.0,8.0,8.0,8.0,7.0,8.0,7.0,8.0,8.0,8.0,8.0,10.0,10.0,6.0,8.0,8.0,8.0,8.0,7.0
conv_014,8.0,7.0,8.0,8.0,8.0,8.0,8.0,7.0,8.0,8.0,8.0,7.0,8.0,8.0,8.0,8.0,8.0,8.0,8.0,8.0,8.0,8.0,8.0,8.0,7.0,8.0,8.0,8.0,8.0,8.0
conv_015,7.0,8.0,8.0,8.0,7.0,8.0,8.0,8.0,8.0,8.0,10.0,8.0,8.0,8.0,8.0,7.0,8.0,8.0,8.0,8.0,8.0,8.0,8.0,8.0,8.0,8.0,7.0,8.0,8.0,8.0
conv_016,2.0,8.0,8.0,7.0,8.0,8.0,8.0,7.0,10.0,8.0,6.0,8.0,7.0,8.0,8.0,8.0,8.0,8.0,8.0,8.0,7.0,6.0,7.0,8.0,8.0,8.0,8.0,8.0,8.0,7.0
conv_017,7.0,8.0,8.0,8.0,8.0,7.0,8.0,5.0,7.0,8.0,8.0,7.0,8.0,8.0,8.0,8.0,8.0,3.0,8.0,7.0,8.0,9.0,8.0,8.0,8.0,8.0,8.0,8.0,3.0,7.0
conv_018,7.0,7.0,8.0,4.0,8.0,8.0,10.0,4.0,7.0,8.0,8.0,10.0,10.0,8.0,6.0,8.0,8.0,8.0,8.0,8.0,8.0,8.0,8.0,2.0,7.0,8.0,8.0,8.0,8.0,8.0
conv_019,8.0,8.0,8.0,8.0,8.0,7.0,8.0,8.0,6.0,8.0,7.0,8.0,7.0,8.0,8.0,7.0,8.0,8.0,7.0,8.0,7.0,4.0,8.0,6.0,8.0,8.0,8.0,6.0,8.0,6.0
conv_020,4.0,8.0,8.0,8.0,8.0,8.0,8.0,6.0,8.0,8.0,8.0,7.0,8.0,8.0,8.0,7.0,8.0,6.0,8.0,8.0,7.0,5.0,7.0,8.0,6.0,8.0,6.0,7.0,8.0,7.0
conv_021,5.0,7.0,8.0,8.0,8.0,7.0,8.0,8.0,10.0,8.0,8.0,8.0,8.0,8.0,8.0,8.0,7.0,8.0,8.0,8.0,8.0,10.0,8.0,10.0,10.0,8.0,8.0,7.0,8.0,8.0
conv_022,8.0,7.0,8.0,7.0,7.0,8.0,7.0,8.0,8.0,9.0,5.0,9.0,7.0,8.0,8.0,8.0,8.0,8.0,7.0,8.0,10.0,8.0,7.0,8.0,7.0,9.0,9.0,7.0,6.0,7.0
conv_023,4.0,8.0,10.0,8.0,8.0,8.0,8.0,8.0,8.0,8.0,10.0,8.0,8.0,8.0,8.0,10.0,8.0,8.0,8.0,10.0,8.0,8.0,8.0,8.0,10.0,9.0,8.0,8.0,8.0,8.0
conv_024,8.0,8.0,8.0,7.0,8.0,8.0,8.0,8.0,8.0,8.0,7.0,7.0,7.0,8.0,7.0,8.0,8.0,7.0,5.0,7.0,7.0,7.0,5.0,2.0,7.0,8.0,8.0,8.0,8.0,7.0
conv_025,8.0,8.0,8.0,8.0,8.0,9.0,8.0,8.0,8.0,8.0,8.0,4.0,8.0,8.0,7.0,7.0,8.0,8.0,7.0,8.0,8.0,8.0,8.0,8.0,8.0,8.0,7.0,7.0,8.0,7.0
conv_026,8.0,7.0,6.0,8.0,8.0,7.0,8.0,7.0,8.0,8.0,8.0,8.0,8.0,8.0,8.0,7.0,6.0,7.0,8.0,8.0,5.0,7.0,7.0,2.0,8.0,7.0,7.0,8.0,8.0,8.0
conv_027,3.0,8.0,8.0,8.0,8.0,8.0,3.0,10.0,8.0,6.0,8.0,8.0,8.0,7.0,9.0,8.0,8.0,8.0,8.0,7.0,8.0,8.0,7.0,7.0,4.0,6.0,8.0,8.0,7.0,7.0
conv_028,8.0,10.0,9.0,8.0,8.0,7.0,8.0,8.0,8.0,8.0,8.0,8.0,8.0,8.0,8.0,8.0,10.0,8.0,8.0,8.0,8.0,10.0,8.0,7.0,8.0,8.0,8.0,8.0,9.0,10.0
conv_029,8.0,10.0,8.0,8.0,8.0,8.0,4.0,7.0,8.0,9.0,8.0,8.0,8.0,10.0,8.0,8.0,8.0,8.0,10.0,2.0,8.0,8.0,8.0,10.0,8.0,7.0,8.0,8.0,8.0,8.0
conv_030,7.0,8.0,8.0,8.0,8.0,8.0,8.0,8.0,8.0,8.0,8.0,8.0,8.0,8.0,8.0,8.0,8.0,7.0,7.0,8.0,8.0,8.0,8.0,9.0,8.0,7.0,7.0,6.0,8.0,8.0
conv_031,7.0,10.0,5.0,10.0,8.0,8.0,8.0,8.0,8.0,7.0,10.0,8.0,8.0,8.0,8.0,8.0,8.0,9.0,8.0,8.0,8.0,8.0,9.0,10.0,10.0,8.0,9.0,10.0,10.0,8.0
conv_032,7.0,8.0,8.0,8.0,10.0,8.0,7.0,7.0,8.0,7.0,8.0,7.0,8.0,8.0,7.0,8.0,8.0,8.0,8.0,8.0,7.0,3.0,8.0,6.0,6.0,8.0,5.0,8.0,7.0,7.0
conv_033,7.0,8.0,8.0,8.0,8.0,7.0,8.0,8.0,9.0,10.0,7.0,8.0,8.0,8.0,8.0,8.0,8.0,8.0,8.0,8.0,8.0,7.0,8.0,8.0,8.0,8.0,8.0,8.0,8.0,8.0
conv_034,8.0,8.0,8.0,8.0,7.0,8.0,10.0,8.0,4.0,3.0,8.0,8.0,8.0,7.0,2.0,8.0,8.0,5.0,4.0,8.0,8.0,8.0,5.0,5.0,8.0,8.0,8.0,8.0,8.0,8.0
conv_035,6.0,8.0,8.0,8.0,8.0,8.0,8.0,8.0,8.0,8.0,7.0,8.0,8.0,8.0,8.0,8.0,8.0,8.0,8.0,8.0,8.0,8.0,8.0,10.0,8.0,8.0,8.0,8.0,8.0,8.0
conv_036,4.0,8.0,8.0,8.0,3.0,8.0,8.0,8.0,10.0,8.0,4.0,8.0,8.0,7.0,8.0,8.0,2.0,7.0,8.0,8.0,8.0,8.0,8.0,8.0,8.0,7.0,8.0,8.0,7.0,7.0
conv_037,8.0,8.0,3.0,8.0,8.0,8.0,8.0,7.0,4.0,6.0,7.0,7.0,8.0,10.0,5.0,8.0,7.0,8.0,8.0,8.0,3.0,3.0,8.0,8.0,7.0,8.0,8.0,8.0,8.0,8.0
conv_038,8.0,8.0,8.0,7.0,8.0,8.0,8.0,8.0,7.0,7.0,8.0,8.0,8.0,8.0,9.0,8.0,7.0,6.0,8.0,8.0,7.0,8.0,7.0,8.0,4.0,8.0,7.0,7.0,7.0,8.0
conv_039,3.0,9.0,8.0,10.0,8.0,3.0,8.0,8.0,8.0,8.0,7.0,8.0,8.0,8.0,8.0,8.0,8.0,6.0,8.0,7.0,8.0,10.0,6.0,9.0,8.0,8.0,6.0,7.0,8.0,8.0
conv_040,5.0,8.0,8.0,7.0,8.0,8.0,8.0,10.0,8.0,8.0,8.0,10.0,10.0,8.0,10.0,8.0,8.0,8.0,8.0,8.0,8.0,8.0,8.0,8.0,8.0,8.0,8.0,8.0,8.0,8.0
conv_041,2.0,8.0,8.0,10.0,9.0,4.0,8.0,3.0,9.0,9.0,8.0,10.0,8.0,8.0,8.0,8.0,8.0,8.0,6.0,10.0,7.0,8.0,8.0,8.0,8.0,8.0,8.0,10.0,8.0,8.0
conv_042,8.0,5.0,7.0,8.0,7.0,8.0,7.0,8.0,8.0,8.0,10.0,8.0,8.0,8.0,8.0,8.0,8.0,8.0,8.0,8.0,8.0,8.0,8.0,8.0,8.0,7.0,3.0,8.0,8.0,8.0
conv_043,8.0,8.0,8.0,8.0,8.0,4.0,8.0,7.0,7.0,8.0,8.0,7.0,8.0,5.0,8.0,7.0,4.0,8.0,8.0,8.0,8.0,8.0,8.0,8.0,8.0,7.0,8.0,8.0,8.0,8.0
conv_044,8.0,8.0,8.0,8.0,8.0,8.0,8.0,8.0,7.0,8.0,7.0,3.0,7.0,7.0,6.0,8.0,8.0,8.0,8.0,7.0,7.0,8.0,8.0,10.0,8.0,7.0,8.0,8.0,8.0,4.0
conv_045,7.0,7.0,7.0,8.0,8.0,8.0,8.0,10.0,8.0,8.0,8.0,8.0,8.0,10.0,8.0,8.0,8.0,8.0,8.0,8.0,8.0,8.0,7.0,8.0,8.0,8.0,8.0,8.0,10.0,10.0
conv_046,4.0,8.0,8.0,8.0,8.0,8.0,8.0,8.0,8.0,8.0,8.0,8.0,8.0,8.0,8.0,10.0,8.0,7.0,8.0,8.0,8.0,8.0,8.0,7.0,8.0,8.0,8.0,8.0,8.0,6.0
conv_047,8.0,8.0,8.0,7.0,8.0,8.0,10.0,8.0,8.0,8.0,10.0,8.0,8.0,8.0,8.0,8.0,4.0,8.0,8.0,10.0,8.0,8.0,8.0,8.0,8.0,8.0,8.0,8.0,8.0,8.0
conv_048,8.0,6.0,8.0,7.0,8.0,8.0,8.0,8.0,8.0,8.0,10.0,8.0,8.0,8.0,10.0,8.0,8.0,8.0,8.0,7.0,8.0,4.0,8.0,8.0,8.0,8.0,8.0,8.0,8.0,8.0
conv_049,8.0,2.0,4.0,8.0,8.0,10.0,8.0,10.0,8.0,8.0,8.0,8.0,10.0,9.0,8.0,8.0,8.0,8.0,8.0,8.0,8.0,8.0,8.0,10.0,8.0,8.0,8.0,8.0,8.0,8.0
conv_050,7.0,8.0,7.0,8.0,7.0,8.0,6.0,8.0,9.0,8.0,8.0,7.0,8.0,8.0,8.0,9.0,8.0,5.0,8.0,10.0,8.0,8.0,8.0,6.0,8.0,8.0,8.0,10.0,8.0,8.0
conv_051,7.0,8.0,8.0,8.0,5.0,8.0,8.0,8.0,8.0,7.0,8.0,8.0,8.0,7.0,8.0,8.0,8.0,8.0,8.0,8.0,8.0,8.0,8.0,8.0,8.0,8.0,8.0,7.0,8.0,8.0
conv_052,3.0,8.0,8.0,8.0,7.0,8.0,8.0,8.0,8.0,8.0,10.0,7.0,7.0,8.0,8.0,8.0,8.0,8.0,8.0,7.0,8.0,8.0,8.0,10.0,8.0,8.0,8.0,8.0,8.0,8.0
conv_053,8.0,8.0,8.0,8.0,7.0,8.0,8.0,8.0,8.0,8.0,8.0,8.0,8.0,8.0,8.0,7.0,8.0,7.0,8.0,8.0,7.0,8.0,7.0,8.0,8.0,3.0,9.0,8.0,8.0,9.0
conv_054,7.0,8.0,8.0,8.0,8.0,8.0,8.0,8.0,6.0,8.0,8.0,10.0,8.0,8.0,8.0,7.0,8.0,8.0,8.0,10.0,8.0,7.0,8.0,8.0,8.0,7.0,7.0,8.0,10.0,8.0
conv_055,8.0,8.0,8.0,7.0,8.0,8.0,8.0,7.0,8.0,8.0,8.0,8.0,8.0,10.0,8.0,9.0,7.0,10.0,7.0,8.0,8.0,8.0,8.0,7.0,8.0,7.0,7.0,8.0,8.0,8.0
conv_056,5.0,4.0,7.0,7.0,8.0,8.0,7.0,8.0,8.0,8.0,8.0,8.0,8.0,8.0,8.0,7.0,10.0,7.0,7.0,8.0,10.0,7.0,5.0,8.0,8.0,7.0,8.0,8.0,8.0,8.0
conv_057,8.0,8.0,8.0,8.0,8.0,8.0,8.0,8.0,8.0,8.0,8.0,8.0,8.0,8.0,8.0,8.0,8.0,8.0,8.0,8.0,7.0,8.0,8.0,8.0,8.0,8.0,8.0,8.0,8.0,8.0
conv_058,8.0,8.0,10.0,8.0,10.0,8.0,8.0,8.0,8.0,8.0,8.0,8.0,10.0,8.0,10.0,8.0,7.0,8.0,10.0,8.0,8.0,8.0,8.0,10.0,8.0,8.0,8.0,10.0,8.0,8.0
conv_059,8.0,8.0,8.0,8.0,8.0,8.0,8.0,5.0,8.0,8.0,8.0,8.0,7.0,7.0,8.0,8.0,7.0,7.0,8.0,6.0,7.0,7.0,7.0,8.0,8.0,8.0,7.0,8.0,8.0,8.0
conv_060,7.0,8.0,8.0,8.0,8.0,9.0,8.0,8.0,8.0,7.0,8.0,8.0,8.0,8.0,10.0,8.0,8.0,8.0,7.0,8.0,8.0,7.0,8.0,9.0,8.0,8.0,8.0,8.0,7.0,8.0
conv_061,8.0,8.0,8.0,8.0,8.0,8.0,8.0,8.0,8.0,8.0,8.0,7.0,8.0,8.0,7.0,8.0,8.0,8.0,8.0,8.0,6.0,8.0,8.0,8.0,8.0,7.0,8.0,8.0,8.0,8.0
conv_062,8.0,8.0,8.0,8.0,8.0,8.0,7.0,7.0,8.0,8.0,8.0,8.0,8.0,8.0,8.0,8.0,6.0,6.0,10.0,8.0,7.0,8.0,7.0,8.0,8.0,8.0,8.0,8.0,7.0,8.0
conv_063,8.0,8.0,8.0,8.0,8.0,8.0,8.0,8.0,8.0,7.0,7.0,8.0,8.0,8.0,8.0,8.0,8.0,7.0,8.0,8.0,8.0,10.0,8.0,8.0,8.0,8.0,8.0,8.0,8.0,10.0
conv_064,6.0,9.0,7.0,8.0,8.0,8.0,8.0,8.0,8.0,8.0,8.0,6.0,8.0,8.0,6.0,8.0,3.0,7.0,7.0,8.0,8.0,8.0,6.0,7.0,7.0,8.0,8.0,6.0,4.0,8.0
conv_065,7.0,8.0,8.0,7.0,7.0,2.0,8.0,6.0,7.0,8.0,7.0,7.0,2.0,8.0,4.0,8.0,8.0,7.0,4.0,4.0,3.0,7.0,8.0,2.0,8.0,7.0,7.0,8.0,8.0,7.0
conv_066,7.0,8.0,8.0,8.0,7.0,8.0,7.0,8.0,8.0,8.0,8.0,8.0,8.0,8.0,10.0,8.0,8.0,8.0,6.0,8.0,10.0,8.0,8.0,8.0,8.0,8.0,8.0,8.0,8.0,10.0
conv_067,8.0,7.0,7.0,7.0,7.0,8.0,8.0,7.0,8.0,8.0,6.0,8.0,8.0,8.0,3.0,8.0,7.0,7.0,7.0,7.0,7.0,7.0,4.0,6.0,2.0,8.0,5.0,6.0,8.0,8.0
conv_068,7.0,8.0,8.0,8.0,7.0,10.0,8.0,8.0,7.0,8.0,8.0,8.0,8.0,8.0,8.0,8.0,8.0,8.0,7.0,8.0,7.0,7.0,8.0,8.0,7.0,8.0,8.0,3.0,8.0,8.0
conv_069,5.0,8.0,8.0,8.0,8.0,8.0,8.0,8.0,8.0,8.0,6.0,8.0,8.0,8.0,7.0,8.0,7.0,6.0,8.0,10.0,7.0,8.0,8.0,8.0,8.0,5.0,7.0,7.0,8.0,8.0
conv_070,7.0,8.0,8.0,8.0,8.0,8.0,10.0,8.0,8.0,8.0,8.0,8.0,8.0,8.0,8.0,8.0,8.0,7.0,8.0,10.0,8.0,8.0,8.0,8.0,8.0,10.0,8.0,8.0,8.0,8.0
conv_071,8.0,8.0,7.0,8.0,7.0,8.0,8.0,8.0,6.0,8.0,8.0,7.0,7.0,6.0,8.0,7.0,8.0,8.0,7.0,2.0,8.0,5.0,8.0,6.0,6.0,5.0,8.0,4.0,8.0,8.0
conv_072,8.0,8.0,8.0,8.0,8.0,8.0,4.0,8.0,10.0,8.0,8.0,8.0,8.0,8.0,3.0,8.0,8.0,8.0,8.0,8.0,8.0,10.0,8.0,8.0,8.0,8.0,8.0,8.0,10.0,8.0
conv_073,8.0,10.0,8.0,8.0,8.0,8.0,8.0,8.0,8.0,7.0,8.0,10.0,8.0,8.0,8.0,8.0,8.0,8.0,8.0,10.0,8.0,8.0,8.0,8.0,10.0,8.0,8.0,8.0,8.0,7.0
conv_074,8.0,8.0,10.0,7.0,8.0,9.0,6.0,8.0,8.0,7.0,8.0,8.0,8.0,8.0,8.0,8.0,8.0,8.0,8.0,8.0,8.0,8.0,8.0,8.0,8.0,8.0,7.0,8.0,8.0,8.0
conv_075,2.0,7.0,7.0,5.0,7.0,7.0,4.0,6.0,8.0,3.0,4.0,8.0,7.0,7.0,8.0,8.0,7.0,7.0,8.0,7.0,8.0,5.0,8.0,7.0,5.0,7.0,7.0,7.0,7.0,7.0
conv_076,8.0,8.0,4.0,6.0,6.0,8.0,8.0,8.0,7.0,7.0,7.0,7.0,6.0,7.0,8.0,5.0,6.0,6.0,3.0,5.0,7.0,8.0,5.0,7.0,7.0,5.0,8.0,3.0,8.0,8.0
conv_077,8.0,8.0,8.0,3.0,8.0,8.0,8.0,7.0,8.0,8.0,7.0,8.0,7.0,7.0,6.0,10.0,10.0,8.0,8.0,8.0,8.0,8.0,10.0,9.0,8.0,8.0,8.0,8.0,8.0,8.0
conv_078,6.0,8.0,8.0,7.0,8.0,8.0,8.0,8.0,5.0,8.0,8.0,8.0,8.0,8.0,8.0,10.0,8.0,8.0,8.0,8.0,8.0,10.0,10.0,8.0,8.0,8.0,8.0,8.0,8.0,8.0
conv_079,7.0,8.0,8.0,8.0,8.0,8.0,8.0,8.0,8.0,9.0,8.0,8.0,8.0,8.0,8.0,8.0,7.0,8.0,8.0,8.0,8.0,8.0,8.0,8.0,8.0,8.0,8.0,8.0,10.0,8.0
conv_080,3.0,8.0,7.0,10.0,8.0,8.0,8.0,8.0,8.0,8.0,7.0,8.0,8.0,8.0,10.0,8.0,8.0,8.0,8.0,8.0,10.0,10.0,8.0,8.0,8.0,8.0,8.0,10.0,8.0,8.0
conv_081,8.0,6.0,8.0,8.0,7.0,8.0,8.0,8.0,8.0,8.0,7.0,8.0,6.0,8.0,8.0,8.0,8.0,8.0,7.0,8.0,8.0,8.0,8.0,2.0,7.0,8.0,8.0,8.0,8.0,8.0
conv_082,7.0,8.0,8.0,8.0,8.0,8.0,8.0,8.0,8.0,8.0,8.0,8.0,8.0,8.0,8.0,7.0,8.0,8.0,8.0,8.0,8.0,8.0,8.0,8.0,10.0,8.0,8.0,8.0,8.0,8.0
conv_083,8.0,8.0,8.0,7.0,8.0,8.0,8.0,8.0,8.0,7.0,8.0,8.0,7.0,8.0,8.0,8.0,8.0,8.0,8.0,8.0,8.0,8.0,8.0,8.0,7.0,8.0,8.0,8.0,8.0,8.0
conv_084,8.0,8.0,6.0,8.0,8.0,8.0,8.0,8.0,8.0,7.0,7.0,8.0,7.0,5.0,8.0,8.0,8.0,7.0,8.0,7.0,8.0,6.0,7.0,7.0,7.0,8.0,2.0,6.0,3.0,8.0
conv_085,3.0,10.0,8.0,8.0,8.0,8.0,10.0,8.0,8.0,8.0,8.0,8.0,8.0,8.0,9.0,8.0,8.0,8.0,8.0,7.0,8.0,8.0,8.0,8.0,8.0,8.0,8.0,8.0,8.0,8.0
conv_086,7.0,9.0,8.0,10.0,8.0,8.0,8.0,7.0,10.0,9.0,8.0,8.0,10.0,8.0,8.0,10.0,10.0,9.0,9.0,8.0,10.0,10.0,8.0,8.0,8.0,8.0,10.0,8.0,8.0,8.0
conv_087,8.0,5.0,8.0,7.0,7.0,7.0,8.0,8.0,8.0,8.0,7.0,7.0,8.0,7.0,7.0,7.0,8.0,8.0,7.0,8.0,4.0,7.0,8.0,8.0,8.0,8.0,2.0,8.0,7.0,7.0
conv_088,7.0,8.0,9.0,8.0,9.0,6.0,8.0,6.0,8.0,8.0,8.0,7.0,8.0,4.0,8.0,8.0,8.0,7.0,3.0,8.0,4.0,8.0,7.0,8.0,7.0,8.0,7.0,6.0,7.0,4.0
conv_089,8.0,8.0,8.0,7.0,7.0,7.0,8.0,8.0,7.0,8.0,8.0,8.0,4.0,8.0,8.0,8.0,8.0,8.0,7.0,8.0,7.0,8.0,8.0,8.0,7.0,6.0,6.0,8.0,8.0,3.0
conv_090,8.0,8.0,8.0,7.0,8.0,8.0,8.0,8.0,8.0,8.0,8.0,8.0,8.0,7.0,8.0,9.0,9.0,8.0,6.0,8.0,8.0,8.0,8.0,8.0,7.0,8.0,7.0,7.0,8.0,8.0
conv_091,5.0,5.0,7.0,8.0,8.0,8.0,8.0,2.0,8.0,9.0,8.0,8.0,8.0,8.0,8.0,7.0,8.0,8.0,8.0,8.0,7.0,8.0,8.0,7.0,7.0,3.0,8.0,8.0,8.0,8.0
conv_092,7.0,8.0,8.0,8.0,7.0,8.0,8.0,8.0,8.0,8.0,7.0,8.0,7.0,8.0,8.0,8.0,8.0,8.0,8.0,8.0,8.0,8.0,8.0,8.0,8.0,8.0,8.0,8.0,8.0,8.0
conv_093,3.0,8.0,8.0,3.0,8.0,10.0,8.0,8.0,8.0,8.0,8.0,8.0,8.0,8.0,8.0,8.0,8.0,8.0,10.0,8.0,8.0,8.0,10.0,7.0,7.0,8.0,8.0,8.0,8.0,8.0
conv_094,7.0,8.0,8.0,8.0,8.0,8.0,8.0,8.0,8.0,8.0,7.0,8.0,8.0,8.0,8.0,8.0,8.0,8.0,8.0,4.0,2.0,3.0,8.0,8.0,8.0,8.0,8.0,2.0,4.0,8.0
conv_095,7.0,8.0,8.0,10.0,8.0,8.0,8.0,8.0,8.0,6.0,8.0,10.0,8.0,8.0,8.0,8.0,8.0,8.0,8.0,8.0,4.0,8.0,8.0,8.0,8.0,10.0,8.0,10.0,8.0,8.0
conv_096,8.0,8.0,8.0,6.0,8.0,8.0,7.0,7.0,7.0,7.0,7.0,8.0,3.0,8.0,8.0,7.0,2.0,7.0,8.0,5.0,8.0,8.0,8.0,8.0,7.0,7.0,8.0,7.0,8.0,8.0
conv_097,10.0,8.0,8.0,8.0,8.0,8.0,8.0,8.0,8.0,7.0,8.0,8.0,8.0,8.0,8.0,8.0,8.0,8.0,8.0,8.0,8.0,7.0,8.0,9.0,9.0,8.0,8.0,8.0,8.0,8.0
conv_098,8.0,8.0,8.0,10.0,8.0,8.0,8.0,10.0,8.0,8.0,8.0,8.0,8.0,7.0,10.0,8.0,8.0,8.0,8.0,10.0,8.0,8.0,8.0,8.0,8.0,8.0,8.0,8.0,8.0,8.0
conv_099,6.0,8.0,8.0,8.0,7.0,8.0,8.0,8.0,8.0,8.0,8.0,6.0,6.0,8.0,8.0,8.0,8.0,8.0,8.0,7.0,8.0,8.0,8.0,10.0,8.0,7.0,7.0,7.0,8.0,8.0
conv_100,5.0,8.0,8.0,8.0,8.0,6.0,8.0,8.0,8.0,10.0,8.0,8.0,8.0,8.0,8.0,8.0,8.0,8.0,8.0,8.0,8.0,8.0,8.0,8.0,7.0,8.0,8.0,8.0,8.0,8.0
conv_101,7.0,8.0,7.0,8.0,8.0,8.0,8.0,8.0,8.0,8.0,6.0,8.0,8.0,8.0,8.0,8.0,8.0,8.0,8.0,9.0,8.0,8.0,8.0,8.0,8.0,10.0,8.0,8.0,8.0,8.0
conv_102,3.0,8.0,8.0,8.0,7.0,8.0,8.0,8.0,8.0,7.0,8.0,8.0,6.0,7.0,8.0,7.0,7.0,8.0,8.0,8.0,10.0,8.0,8.0,7.0,8.0,3.0,8.0,8.0,7.0,7.0
conv_103,8.0,8.0,8.0,8.0,3.0,7.0,7.0,8.0,8.0,8.0,8.0,8.0,4.0,8.0,8.0,7.0,8.0,8.0,8.0,7.0,7.0,8.0,8.0,7.0,7.0,7.0,8.0,7.0,3.0,5.0
conv_104,9.0,9.0,8.0,10.0,8.0,9.0,8.0,10.0,10.0,7.0,10.0,8.0,8.0,7.0,7.0,8.0,8.0,6.0,8.0,10.0,7.0,7.0,10.0,10.0,8.0,8.0,10.0,8.0,8.0,9.0
conv_105,8.0,8.0,8.0,8.0,8.0,8.0,7.0,8.0,7.0,8.0,8.0,8.0,8.0,8.0,6.0,8.0,8.0,8.0,8.0,8.0,7.0,10.0,9.0,8.0,8.0,8.0,9.0,7.0,7.0,8.0
conv_106,4.0,8.0,7.0,7.0,7.0,8.0,8.0,7.0,7.0,7.0,8.0,8.0,6.0,7.0,5.0,7.0,7.0,7.0,3.0,7.0,8.0,8.0,7.0,8.0,8.0,8.0,7.0,3.0,7.0,7.0
conv_107,8.0,8.0,8.0,7.0,7.0,8.0,7.0,8.0,8.0,8.0,8.0,8.0,8.0,8.0,8.0,8.0,8.0,8.0,10.0,6.0,8.0,8.0,2.0,8.0,4.0,8.0,8.0,2.0,8.0,8.0
conv_108,8.0,8.0,8.0,8.0,8.0,8.0,8.0,7.0,7.0,8.0,8.0,8.0,8.0,8.0,8.0,8.0,8.0,8.0,8.0,8.0,8.0,8.0,5.0,8.0,8.0,9.0,8.0,7.0,8.0,8.0
conv_109,4.0,3.0,9.0,7.0,8.0,8.0,8.0,7.0,8.0,8.0,7.0,8.0,8.0,7.0,8.0,5.0,8.0,7.0,8.0,8.0,7.0,7.0,8.0,7.0,8.0,8.0,7.0,8.0,7.0,8.0
conv_110,6.0,8.0,8.0,8.0,7.0,8.0,8.0,8.0,8.0,8.0,8.0,8.0,8.0,8.0,8.0,7.0,8.0,8.0,8.0,7.0,8.0,8.0,8.0,8.0,10.0,8.0,7.0,6.0,8.0,8.0
conv_111,7.0,2.0,7.0,8.0,8.0,8.0,6.0,8.0,7.0,8.0,8.0,5.0,8.0,8.0,8.0,7.0,7.0,7.0,7.0,7.0,7.0,8.0,8.0,7.0,6.0,5.0,8.0,3.0,7.0,5.0
conv_112,8.0,8.0,8.0,8.0,8.0,7.0,6.0,8.0,8.0,8.0,8.0,8.0,8.0,8.0,8.0,7.0,8.0,8.0,8.0,8.0,8.0,10.0,6.0,8.0,8.0,8.0,8.0,6.0,7.0,8.0
conv_113,8.0,8.0,8.0,8.0,8.0,8.0,8.0,8.0,8.0,8.0,9.0,6.0,8.0,8.0,4.0,8.0,7.0,6.0,8.0,8.0,7.0,5.0,8.0,7.0,10.0,8.0,7.0,8.0,8.0,8.0
conv_114,8.0,8.0,8.0,8.0,7.0,8.0,8.0,8.0,8.0,8.0,8.0,8.0,7.0,8.0,8.0,8.0,8.0,8.0,8.0,10.0,8.0,8.0,8.0,8.0,8.0,8.0,8.0,7.0,8.0,9.0
conv_115,8.0,8.0,8.0,8.0,8.0,8.0,8.0,8.0,8.0,10.0,10.0,8.0,8.0,8.0,10.0,8.0,8.0,10.0,8.0,8.0,10.0,8.0,8.0,8.0,9.0,8.0,8.0,8.0,7.0,8.0
conv_116,8.0,8.0,8.0,8.0,7.0,8.0,8.0,8.0,6.0,8.0,8.0,8.0,8.0,5.0,8.0,7.0,7.0,8.0,7.0,8.0,6.0,7.0,8.0,7.0,8.0,4.0,8.0,3.0,7.0,7.0
conv_117,8.0,8.0,7.0,7.0,3.0,7.0,8.0,7.0,7.0,8.0,6.0,7.0,7.0,7.0,5.0,7.0,7.0,7.0,7.0,3.0,3.0,4.0,7.0,7.0,2.0,7.0,7.0,7.0,8.0,6.0
conv_118,8.0,8.0,8.0,8.0,8.0,8.0,6.0,8.0,8.0,8.0,7.0,8.0,7.0,2.0,7.0,8.0,7.0,6.0,7.0,8.0,8.0,8.0,8.0,5.0,5.0,5.0,8.0,7.0,8.0,4.0
conv_119,8.0,8.0,7.0,8.0,8.0,8.0,4.0,8.0,7.0,8.0,6.0,8.0,6.0,8.0,7.0,8.0,8.0,4.0,8.0,8.0,2.0,7.0,4.0,7.0,10.0,9.0,8.0,8.0,3.0,7.0
conv_120,7.0,8.0,8.0,8.0,8.0,8.0,8.0,7.0,8.0,8.0,8.0,8.0,8.0,8.0,4.0,8.0,10.0,8.0,8.0,4.0,8.0,8.0,8.0,6.0,8.0,8.0,8.0,8.0,8.0,8.0
conv_121,2.0,8.0,8.0,8.0,8.0,8.0,10.0,8.0,8.0,8.0,8.0,10.0,10.0,8.0,8.0,8.0,8.0,10.0,8.0,8.0,8.0,8.0,8.0,7.0,8.0,10.0,8.0,8.0,8.0,8.0
conv_122,2.0,8.0,7.0,8.0,7.0,7.0,8.0,8.0,9.0,7.0,8.0,8.0,8.0,8.0,8.0,8.0,7.0,8.0,10.0,8.0,8.0,8.0,7.0,8.0,7.0,8.0,8.0,8.0,7.0,8.0
conv_123,3.0,8.0,7.0,7.0,7.0,8.0,8.0,8.0,8.0,8.0,7.0,8.0,8.0,8.0,4.0,8.0,8.0,6.0,7.0,7.0,7.0,7.0,2.0,8.0,7.0,8.0,8.0,8.0,8.0,7.0
conv_124,7.0,7.0,7.0,5.0,8.0,8.0,8.0,7.0,4.0,8.0,7.0,8.0,8.0,8.0,7.0,7.0,7.0,8.0,8.0,8.0,7.0,8.0,7.0,7.0,8.0,8.0,8.0,10.0,8.0,8.0
conv_125,7.0,10.0,8.0,8.0,8.0,8.0,8.0,8.0,7.0,8.0,7.0,8.0,8.0,8.0,2.0,10.0,8.0,8.0,10.0,8.0,8.0,8.0,7.0,7.0,10.0,8.0,10.0,10.0,8.0,8.0
conv_126,8.0,8.0,8.0,8.0,7.0,8.0,8.0,8.0,8.0,7.0,9.0,8.0,7.0,8.0,8.0,8.0,9.0,8.0,8.0,8.0,8.0,8.0,8.0,8.0,8.0,9.0,8.0,8.0,8.0,8.0
conv_127,6.0,8.0,8.0,8.0,8.0,7.0,7.0,8.0,8.0,8.0,8.0,7.0,7.0,8.0,3.0,8.0,8.0,8.0,10.0,8.0,8.0,8.0,8.0,8.0,8.0,8.0,8.0,8.0,8.0,8.0
conv_128,8.0,8.0,8.0,10.0,7.0,8.0,8.0,8.0,8.0,8.0,8.0,8.0,10.0,8.0,10.0,8.0,8.0,8.0,8.0,8.0,8.0,8.0,8.0,8.0,8.0,8.0,8.0,8.0,8.0,8.0
conv_129,8.0,8.0,8.0,8.0,8.0,8.0,8.0,9.0,7.0,8.0,8.0,8.0,7.0,8.0,2.0,8.0,7.0,8.0,8.0,8.0,8.0,2.0,8.0,7.0,8.0,8.0,8.0,8.0,8.0,8.0
conv_130,3.0,4.0,8.0,8.0,8.0,8.0,8.0,8.0,8.0,7.0,8.0,8.0,8.0,8.0,8.0,8.0,7.0,8.0,8.0,4.0,8.0,8.0,8.0,8.0,8.0,8.0,8.0,10.0,8.0,8.0
conv_131,2.0,7.0,8.0,6.0,7.0,7.0,4.0,7.0,8.0,8.0,8.0,8.0,7.0,7.0,7.0,8.0,7.0,8.0,8.0,8.0,7.0,7.0,3.0,4.0,7.0,8.0,7.0,8.0,8.0,8.0
conv_132,7.0,8.0,2.0,8.0,3.0,8.0,5.0,8.0,8.0,6.0,7.0,8.0,7.0,8.0,8.0,8.0,6.0,8.0,8.0,6.0,8.0,9.0,6.0,7.0,8.0,4.0,4.0,8.0,8.0,8.0
conv_133,8.0,7.0,8.0,8.0,8.0,7.0,6.0,8.0,8.0,8.0,7.0,8.0,8.0,7.0,8.0,8.0,8.0,9.0,4.0,8.0,8.0,2.0,8.0,8.0,8.0,8.0,8.0,8.0,6.0,8.0
conv_134,8.0,8.0,8.0,10.0,8.0,8.0,7.0,8.0,8.0,8.0,7.0,8.0,8.0,8.0,8.0,8.0,8.0,7.0,8.0,8.0,9.0,10.0,8.0,8.0,10.0,8.0,10.0,8.0,5.0,8.0
conv_135,5.0,8.0,8.0,8.0,8.0,8.0,8.0,7.0,8.0,8.0,8.0,8.0,7.0,8.0,8.0,8.0,8.0,8.0,8.0,8.0,8.0,8.0,8.0,8.0,7.0,8.0,8.0,8.0,8.0,8.0
conv_136,8.0,3.0,8.0,8.0,8.0,5.0,8.0,8.0,8.0,8.0,8.0,8.0,8.0,7.0,7.0,8.0,8.0,8.0,7.0,8.0,8.0,8.0,8.0,8.0,8.0,8.0,10.0,8.0,8.0,8.0
conv_137,7.0,8.0,8.0,7.0,8.0,8.0,8.0,8.0,8.0,8.0,4.0,8.0,6.0,4.0,8.0,8.0,8.0,8.0,8.0,10.0,2.0,8.0,7.0,7.0,7.0,7.0,7.0,8.0,9.0,5.0
conv_138,5.0,6.0,7.0,8.0,8.0,10.0,8.0,7.0,8.0,8.0,7.0,7.0,8.0,7.0,7.0,6.0,8.0,8.0,8.0,8.0,8.0,8.0,8.0,8.0,10.0,8.0,8.0,8.0,8.0,8.0
conv_139,6.0,8.0,7.0,8.0,8.0,8.0,8.0,8.0,8.0,8.0,7.0,7.0,8.0,8.0,8.0,7.0,8.0,8.0,8.0,8.0,8.0,8.0,8.0,8.0,8.0,8.0,8.0,8.0,8.0,7.0
conv_140,7.0,8.0,8.0,8.0,8.0,8.0,8.0,8.0,2.0,8.0,8.0,10.0,8.0,8.0,8.0,8.0,8.0,8.0,8.0,10.0,8.0,8.0,8.0,8.0,8.0,8.0,8.0,8.0,8.0,10.0
conv_141,8.0,7.0,8.0,8.0,7.0,8.0,8.0,7.0,8.0,3.0,8.0,8.0,8.0,10.0,8.0,8.0,10.0,8.0,8.0,8.0,10.0,7.0,7.0,10.0,8.0,10.0,8.0,8.0,8.0,8.0
conv_142,7.0,8.0,8.0,8.0,8.0,7.0,8.0,7.0,8.0,8.0,8.0,8.0,8.0,8.0,8.0,8.0,7.0,9.0,10.0,8.0,7.0,8.0,8.0,8.0,8.0,8.0,8.0,8.0,8.0,8.0
conv_143,8.0,8.0,8.0,8.0,8.0,8.0,8.0,8.0,6.0,8.0,8.0,8.0,8.0,8.0,3.0,8.0,8.0,8.0,8.0,8.0,8.0,8.0,8.0,8.0,8.0,9.0,8.0,9.0,7.0,7.0
conv_144,7.0,8.0,8.0,8.0,8.0,10.0,10.0,8.0,7.0,9.0,8.0,10.0,8.0,8.0,8.0,8.0,8.0,8.0,8.0,8.0,9.0,8.0,8.0,8.0,8.0,8.0,8.0,8.0,8.0,8.0
conv_145,8.0,8.0,7.0,8.0,8.0,8.0,8.0,8.0,8.0,8.0,8.0,8.0,8.0,7.0,8.0,8.0,8.0,8.0,8.0,8.0,8.0,6.0,7.0,8.0,8.0,7.0,6.0,8.0,8.0,8.0
conv_146,8.0,8.0,7.0,8.0,7.0,8.0,8.0,8.0,10.0,8.0,7.0,8.0,7.0,5.0,8.0,8.0,10.0,8.0,8.0,8.0,8.0,8.0,9.0,9.0,8.0,7.0,8.0,7.0,7.0,7.0
conv_147,5.0,8.0,8.0,8.0,8.0,10.0,8.0,8.0,6.0,8.0,8.0,8.0,8.0,8.0,8.0,8.0,7.0,8.0,6.0,8.0,8.0,9.0,10.0,8.0,9.0,8.0,8.0,8.0,8.0,10.0
conv_148,3.0,7.0,7.0,7.0,10.0,8.0,8.0,8.0,8.0,8.0,8.0,8.0,8.0,8.0,8.0,8.0,8.0,8.0,8.0,8.0,8.0,8.0,8.0,8.0,8.0,8.0,8.0,8.0,8.0,8.0
conv_149,8.0,8.0,8.0,8.0,8.0,8.0,8.0,8.0,8.0,8.0,8.0,8.0,8.0,8.0,8.0,7.0,8.0,10.0,8.0,8.0,10.0,8.0,10.0,10.0,8.0,8.0,6.0,8.0,8.0,9.0
conv_150,7.0,8.0,3.0,7.0,8.0,8.0,8.0,8.0,8.0,8.0,8.0,8.0,8.0,7.0,8.0,8.0,8.0,8.0,8.0,8.0,8.0,8.0,10.0,6.0,7.0,8.0,8.0,8.0,8.0,8.0
conv_151,7.0,8.0,8.0,8.0,8.0,8.0,8.0,8.0,8.0,8.0,8.0,8.0,8.0,8.0,8.0,8.0,8.0,7.0,7.0,10.0,8.0,4.0,8.0,7.0,7.0,8.0,7.0,7.0,6.0,7.0
conv_152,7.0,2.0,8.0,7.0,7.0,8.0,7.0,8.0,8.0,7.0,8.0,7.0,3.0,6.0,8.0,5.0,8.0,8.0,8.0,7.0,3.0,7.0,7.0,7.0,8.0,7.0,8.0,3.0,8.0,6.0
conv_153,6.0,8.0,7.0,8.0,8.0,8.0,7.0,8.0,8.0,8.0,8.0,8.0,10.0,7.0,8.0,8.0,8.0,8.0,8.0,8.0,7.0,8.0,7.0,8.0,7.0,8.0,6.0,7.0,8.0,8.0
conv_154,10.0,3.0,8.0,8.0,8.0,8.0,8.0,8.0,8.0,8.0,8.0,8.0,8.0,8.0,8.0,6.0,7.0,7.0,7.0,8.0,8.0,10.0,8.0,8.0,8.0,8.0,7.0,8.0,8.0,8.0
conv_155,7.0,8.0,8.0,8.0,10.0,9.0,8.0,8.0,8.0,8.0,8.0,8.0,8.0,10.0,8.0,8.0,10.0,8.0,6.0,8.0,8.0,8.0,8.0,8.0,8.0,8.0,7.0,8.0,8.0,8.0
conv_156,8.0,8.0,8.0,8.0,8.0,7.0,3.0,8.0,8.0,8.0,8.0,8.0,8.0,8.0,6.0,8.0,8.0,8.0,8.0,8.0,8.0,8.0,8.0,8.0,10.0,7.0,8.0,8.0,8.0,8.0
conv_157,8.0,10.0,7.0,8.0,6.0,8.0,2.0,8.0,10.0,8.0,7.0,8.0,8.0,7.0,8.0,8.0,8.0,8.0,8.0,7.0,8.0,10.0,8.0,8.0,8.0,8.0,8.0,10.0,8.0,8.0
conv_158,8.0,8.0,8.0,7.0,5.0,8.0,8.0,7.0,8.0,8.0,7.0,8.0,8.0,8.0,8.0,8.0,8.0,4.0,8.0,8.0,5.0,5.0,7.0,7.0,8.0,8.0,7.0,8.0,8.0,6.0
conv_159,8.0,7.0,8.0,8.0,8.0,8.0,7.0,8.0,8.0,8.0,7.0,7.0,8.0,8.0,4.0,8.0,8.0,7.0,5.0,8.0,7.0,8.0,8.0,8.0,7.0,8.0,7.0,8.0,7.0,6.0
conv_160,7.0,8.0,2.0,8.0,8.0,7.0,8.0,8.0,8.0,7.0,8.0,8.0,3.0,8.0,7.0,2.0,8.0,8.0,6.0,6.0,8.0,4.0,10.0,3.0,8.0,8.0,7.0,7.0,8.0,8.0
conv_161,6.0,7.0,8.0,8.0,8.0,2.0,8.0,8.0,7.0,8.0,8.0,8.0,10.0,10.0,8.0,8.0,7.0,8.0,8.0,8.0,7.0,8.0,8.0,7.0,7.0,7.0,8.0,8.0,8.0,8.0
conv_162,6.0,8.0,8.0,8.0,8.0,8.0,8.0,8.0,8.0,8.0,8.0,8.0,8.0,8.0,8.0,8.0,8.0,8.0,10.0,8.0,2.0,8.0,8.0,8.0,8.0,8.0,8.0,8.0,8.0,8.0
conv_163,7.0,8.0,8.0,8.0,8.0,8.0,8.0,3.0,8.0,8.0,7.0,8.0,9.0,8.0,8.0,7.0,8.0,8.0,8.0,8.0,8.0,7.0,3.0,8.0,7.0,8.0,7.0,7.0,8.0,8.0
conv_164,7.0,8.0,8.0,8.0,7.0,7.0,8.0,7.0,8.0,8.0,7.0,8.0,8.0,7.0,8.0,8.0,7.0,7.0,8.0,6.0,8.0,8.0,8.0,6.0,8.0,8.0,8.0,7.0,7.0,8.0
conv_165,8.0,8.0,8.0,8.0,10.0,6.0,8.0,8.0,8.0,8.0,8.0,8.0,6.0,8.0,8.0,8.0,8.0,8.0,8.0,8.0,8.0,10.0,8.0,8.0,8.0,8.0,8.0,8.0,8.0,8.0
conv_166,6.0,9.0,8.0,8.0,8.0,8.0,7.0,8.0,8.0,8.0,8.0,7.0,8.0,8.0,7.0,8.0,7.0,8.0,8.0,8.0,8.0,8.0,8.0,8.0,8.0,8.0,8.0,8.0,8.0,8.0
conv_167,8.0,7.0,7.0,6.0,7.0,6.0,8.0,7.0,7.0,8.0,7.0,8.0,7.0,6.0,3.0,6.0,8.0,7.0,6.0,7.0,2.0,7.0,3.0,3.0,7.0,7.0,2.0,5.0,8.0,5.0
conv_168,8.0,8.0,8.0,7.0,7.0,8.0,10.0,4.0,8.0,8.0,8.0,8.0,8.0,8.0,8.0,8.0,8.0,7.0,8.0,8.0,10.0,8.0,3.0,8.0,7.0,8.0,8.0,8.0,8.0,8.0
conv_169,7.0,8.0,7.0,8.0,7.0,2.0,8.0,8.0,8.0,10.0,10.0,7.0,8.0,8.0,8.0,8.0,8.0,7.0,10.0,8.0,10.0,8.0,8.0,8.0,8.0,8.0,8.0,8.0,8.0,8.0
conv_170,8.0,7.0,7.0,8.0,7.0,8.0,6.0,8.0,7.0,7.0,8.0,7.0,8.0,7.0,5.0,7.0,8.0,8.0,7.0,7.0,8.0,8.0,8.0,8.0,7.0,4.0,8.0,8.0,3.0,7.0
conv_171,2.0,8.0,8.0,8.0,8.0,8.0,8.0,7.0,8.0,7.0,2.0,6.0,8.0,8.0,8.0,8.0,6.0,8.0,8.0,8.0,8.0,8.0,8.0,7.0,8.0,5.0,8.0,8.0,7.0,8.0
conv_172,8.0,8.0,3.0,8.0,8.0,8.0,7.0,8.0,8.0,8.0,9.0,7.0,6.0,8.0,7.0,8.0,7.0,7.0,3.0,8.0,8.0,8.0,8.0,8.0,6.0,7.0,8.0,10.0,8.0,8.0
conv_173,8.0,8.0,8.0,10.0,7.0,8.0,7.0,8.0,8.0,8.0,8.0,8.0,8.0,8.0,8.0,8.0,8.0,7.0,8.0,8.0,6.0,8.0,8.0,7.0,7.0,10.0,10.0,7.0,7.0,8.0
conv_174,7.0,8.0,8.0,6.0,7.0,9.0,8.0,8.0,8.0,8.0,8.0,8.0,8.0,8.0,8.0,8.0,7.0,8.0,10.0,8.0,10.0,8.0,8.0,8.0,8.0,8.0,8.0,8.0,8.0,8.0
conv_175,8.0,6.0,8.0,9.0,9.0,8.0,8.0,6.0,7.0,8.0,5.0,7.0,8.0,8.0,7.0,8.0,8.0,8.0,8.0,8.0,8.0,7.0,8.0,8.0,8.0,8.0,8.0,8.0,8.0,8.0
conv_176,4.0,8.0,8.0,8.0,7.0,8.0,8.0,8.0,8.0,8.0,8.0,7.0,8.0,8.0,8.0,8.0,10.0,8.0,8.0,8.0,8.0,8.0,8.0,8.0,8.0,7.0,8.0,8.0,8.0,8.0
conv_177,7.0,8.0,8.0,8.0,8.0,8.0,9.0,8.0,8.0,8.0,8.0,8.0,8.0,8.0,8.0,8.0,9.0,8.0,9.0,8.0,8.0,8.0,8.0,10.0,8.0,8.0,9.0,8.0,8.0,8.0
conv_178,7.0,8.0,7.0,3.0,8.0,7.0,8.0,2.0,7.0,8.0,8.0,8.0,8.0,8.0,8.0,8.0,8.0,8.0,7.0,8.0,8.0,7.0,7.0,8.0,7.0,8.0,8.0,8.0,8.0,8.0
conv_179,2.0,3.0,8.0,7.0,8.0,7.0,8.0,8.0,7.0,8.0,10.0,7.0,8.0,7.0,8.0,10.0,8.0,8.0,2.0,8.0,8.0,10.0,8.0,8.0,7.0,7.0,2.0,8.0,8.0,8.0
conv_180,8.0,8.0,7.0,8.0,8.0,8.0,8.0,8.0,8.0,7.0,7.0,7.0,8.0,8.0,8.0,8.0,8.0,7.0,7.0,8.0,8.0,8.0,6.0,6.0,5.0,8.0,6.0,8.0,7.0,8.0
conv_181,3.0,8.0,4.0,4.0,8.0,8.0,7.0,8.0,8.0,8.0,8.0,8.0,8.0,8.0,8.0,8.0,8.0,8.0,8.0,8.0,8.0,8.0,8.0,8.0,8.0,6.0,7.0,8.0,8.0,8.0
conv_182,7.0,8.0,8.0,7.0,10.0,8.0,7.0,4.0,8.0,8.0,4.0,8.0,8.0,8.0,1.0,7.0,8.0,8.0,8.0,8.0,8.0,8.0,7.0,8.0,8.0,8.0,8.0,7.0,10.0,8.0
conv_183,7.0,8.0,8.0,8.0,8.0,7.0,8.0,8.0,10.0,8.0,8.0,8.0,10.0,8.0,8.0,10.0,8.0,8.0,8.0,9.0,8.0,10.0,8.0,8.0,8.0,8.0,8.0,8.0,8.0,8.0
conv_184,8.0,7.0,7.0,8.0,6.0,8.0,8.0,8.0,7.0,8.0,8.0,8.0,7.0,8.0,8.0,8.0,8.0,10.0,8.0,3.0,8.0,6.0,8.0,8.0,8.0,8.0,6.0,8.0,7.0,7.0
conv_185,8.0,8.0,8.0,8.0,8.0,3.0,10.0,7.0,8.0,7.0,8.0,8.0,3.0,8.0,8.0,8.0,3.0,3.0,7.0,6.0,4.0,4.0,5.0,3.0,6.0,3.0,3.0,2.0,7.0,8.0
conv_186,7.0,8.0,8.0,8.0,8.0,8.0,8.0,8.0,8.0,10.0,8.0,8.0,8.0,8.0,8.0,8.0,8.0,10.0,8.0,8.0,8.0,8.0,8.0,10.0,8.0,8.0,8.0,8.0,8.0,8.0
conv_187,5.0,8.0,8.0,8.0,6.0,7.0,8.0,8.0,8.0,8.0,8.0,8.0,8.0,8.0,8.0,8.0,8.0,7.0,8.0,8.0,8.0,8.0,8.0,8.0,8.0,8.0,8.0,8.0,7.0,7.0
conv_188,6.0,8.0,8.0,8.0,8.0,8.0,8.0,8.0,10.0,8.0,7.0,8.0,8.0,3.0,8.0,8.0,8.0,8.0,10.0,8.0,8.0,10.0,8.0,8.0,8.0,8.0,9.0,7.0,10.0,8.0
conv_189,8.0,8.0,8.0,7.0,8.0,8.0,8.0,8.0,8.0,8.0,7.0,6.0,8.0,8.0,7.0,8.0,8.0,8.0,8.0,8.0,8.0,7.0,7.0,8.0,10.0,10.0,8.0,8.0,8.0,8.0
conv_190,8.0,8.0,8.0,8.0,8.0,8.0,8.0,8.0,8.0,8.0,8.0,8.0,5.0,7.0,7.0,8.0,7.0,8.0,8.0,7.0,8.0,8.0,8.0,8.0,8.0,8.0,8.0,8.0,8.0,8.0
conv_191,8.0,7.0,8.0,8.0,5.0,7.0,7.0,7.0,10.0,7.0,7.0,8.0,9.0,8.0,8.0,8.0,8.0,8.0,8.0,8.0,7.0,8.0,6.0,8.0,8.0,9.0,8.0,8.0,8.0,7.0
conv_192,7.0,9.0,7.0,8.0,7.0,8.0,7.0,3.0,10.0,8.0,8.0,8.0,7.0,8.0,8.0,8.0,8.0,7.0,6.0,8.0,7.0,7.0,7.0,8.0,8.0,8.0,6.0,8.0,8.0,7.0
conv_193,8.0,7.0,6.0,6.0,7.0,7.0,8.0,4.0,8.0,8.0,7.0,8.0,8.0,8.0,8.0,8.0,7.0,4.0,7.0,8.0,8.0,7.0,8.0,8.0,8.0,8.0,8.0,6.0,6.0,8.0
conv_194,8.0,8.0,7.0,8.0,7.0,10.0,8.0,7.0,8.0,8.0,8.0,8.0,8.0,8.0,8.0,8.0,7.0,8.0,8.0,8.0,8.0,8.0,8.0,8.0,8.0,8.0,8.0,4.0,3.0,8.0
conv_195,8.0,8.0,8.0,8.0,8.0,8.0,9.0,7.0,8.0,8.0,8.0,8.0,8.0,8.0,8.0,8.0,8.0,8.0,8.0,7.0,8.0,8.0,8.0,8.0,8.0,7.0,6.0,7.0,8.0,7.0
conv_196,7.0,8.0,7.0,7.0,8.0,8.0,7.0,8.0,8.0,8.0,8.0,6.0,6.0,8.0,7.0,8.0,8.0,6.0,8.0,9.0,7.0,7.0,8.0,6.0,7.0,8.0,8.0,8.0,6.0,8.0
conv_197,8.0,5.0,8.0,8.0,8.0,9.0,8.0,4.0,8.0,7.0,7.0,8.0,4.0,8.0,5.0,8.0,8.0,7.0,4.0,7.0,8.0,7.0,3.0,7.0,8.0,8.0,8.0,8.0,8.0,8.0
conv_198,7.0,8.0,8.0,8.0,8.0,8.0,10.0,8.0,8.0,8.0,8.0,10.0,8.0,8.0,8.0,8.0,8.0,8.0,8.0,8.0,8.0,8.0,8.0,8.0,8.0,8.0,8.0,8.0,8.0,8.0
conv_199,3.0,8.0,8.0,6.0,7.0,9.0,9.0,10.0,8.0,8.0,7.0,9.0,10.0,8.0,8.0,8.0,8.0,8.0,8.0,8.0,10.0,10.0,8.0,7.0,8.0,8.0,8.0,8.0,10.0,7.0
conv_200,8.0,8.0,7.0,8.0,8.0,7.0,3.0,4.0,7.0,8.0,8.0,8.0,7.0,8.0,8.0,8.0,7.0,8.0,7.0,7.0,8.0,7.0,8.0,7.0,7.0,7.0,8.0,7.0,7.0,8.0
conv_201,8.0,4.0,7.0,8.0,6.0,7.0,2.0,8.0,8.0,7.0,8.0,8.0,2.0,7.0,7.0,7.0,7.0,8.0,8.0,2.0,7.0,7.0,7.0,7.0,5.0,8.0,7.0,7.0,2.0,5.0
conv_202,8.0,8.0,9.0,8.0,8.0,8.0,8.0,8.0,8.0,7.0,8.0,8.0,8.0,8.0,3.0,8.0,8.0,8.0,7.0,8.0,8.0,8.0,8.0,8.0,8.0,8.0,10.0,8.0,8.0,8.0
conv_203,8.0,7.0,10.0,7.0,8.0,5.0,8.0,8.0,7.0,8.0,8.0,7.0,8.0,8.0,8.0,8.0,8.0,8.0,8.0,7.0,8.0,7.0,9.0,8.0,8.0,10.0,8.0,8.0,8.0,10.0
conv_204,7.0,8.0,8.0,8.0,8.0,8.0,8.0,8.0,8.0,8.0,8.0,4.0,8.0,8.0,7.0,10.0,8.0,8.0,8.0,8.0,8.0,7.0,8.0,8.0,8.0,7.0,7.0,8.0,10.0,8.0
conv_205,7.0,5.0,8.0,8.0,8.0,8.0,8.0,8.0,3.0,8.0,8.0,8.0,8.0,8.0,10.0,8.0,8.0,8.0,8.0,8.0,8.0,8.0,8.0,8.0,8.0,7.0,8.0,7.0,10.0,10.0
conv_206,7.0,8.0,8.0,8.0,3.0,8.0,8.0,8.0,8.0,8.0,8.0,10.0,2.0,10.0,8.0,8.0,8.0,8.0,10.0,10.0,8.0,8.0,8.0,8.0,8.0,8.0,8.0,8.0,8.0,8.0
conv_207,7.0,8.0,5.0,8.0,8.0,8.0,8.0,4.0,8.0,8.0,7.0,8.0,8.0,7.0,8.0,8.0,8.0,8.0,8.0,8.0,7.0,8.0,8.0,7.0,4.0,8.0,8.0,8.0,7.0,7.0
conv_208,9.0,7.0,8.0,8.0,8.0,8.0,8.0,8.0,8.0,8.0,8.0,8.0,8.0,8.0,8.0,8.0,7.0,7.0,3.0,8.0,8.0,8.0,8.0,8.0,8.0,8.0,8.0,8.0,8.0,8.0
conv_209,8.0,7.0,8.0,8.0,8.0,7.0,8.0,8.0,3.0,8.0,8.0,8.0,8.0,6.0,8.0,8.0,8.0,8.0,8.0,8.0,8.0,8.0,8.0,7.0,5.0,7.0,8.0,8.0,8.0,8.0
conv_210,8.0,8.0,8.0,8.0,6.0,8.0,8.0,8.0,8.0,8.0,8.0,8.0,8.0,8.0,8.0,8.0,8.0,8.0,8.0,6.0,8.0,8.0,8.0,8.0,8.0,8.0,8.0,8.0,8.0,8.0
conv_211,2.0,5.0,8.0,8.0,10.0,8.0,8.0,8.0,8.0,8.0,7.0,8.0,8.0,8.0,7.0,8.0,7.0,8.0,8.0,8.0,8.0,8.0,10.0,8.0,8.0,8.0,8.0,8.0,8.0,8.0
conv_212,7.0,7.0,8.0,8.0,8.0,8.0,8.0,8.0,8.0,8.0,8.0,8.0,8.0,8.0,8.0,8.0,6.0,8.0,9.0,8.0,8.0,8.0,7.0,8.0,8.0,7.0,8.0,8.0,8.0,8.0
conv_213,8.0,8.0,3.0,8.0,7.0,8.0,7.0,8.0,8.0,7.0,7.0,8.0,8.0,5.0,7.0,7.0,8.0,8.0,7.0,8.0,7.0,5.0,7.0,7.0,8.0,8.0,8.0,7.0,8.0,6.0
conv_214,8.0,8.0,10.0,8.0,7.0,8.0,7.0,6.0,8.0,8.0,9.0,8.0,8.0,8.0,8.0,9.0,7.0,8.0,8.0,7.0,7.0,8.0,8.0,7.0,7.0,8.0,7.0,7.0,7.0,9.0
conv_215,8.0,8.0,8.0,8.0,8.0,8.0,8.0,8.0,8.0,8.0,8.0,8.0,8.0,8.0,8.0,8.0,8.0,9.0,8.0,8.0,8.0,8.0,8.0,8.0,8.0,8.0,7.0,8.0,8.0,9.0
conv_216,4.0,6.0,8.0,8.0,8.0,8.0,8.0,8.0,7.0,8.0,8.0,7.0,8.0,8.0,8.0,8.0,8.0,5.0,8.0,10.0,8.0,8.0,8.0,8.0,8.0,8.0,8.0,5.0,8.0,6.0
conv_217,3.0,8.0,8.0,7.0,8.0,8.0,8.0,7.0,8.0,8.0,7.0,10.0,8.0,8.0,8.0,7.0,8.0,2.0,8.0,8.0,8.0,7.0,8.0,8.0,8.0,8.0,10.0,8.0,8.0,8.0
conv_218,2.0,7.0,8.0,8.0,10.0,8.0,8.0,7.0,8.0,9.0,8.0,10.0,8.0,6.0,8.0,8.0,8.0,8.0,8.0,7.0,6.0,8.0,7.0,8.0,8.0,8.0,8.0,8.0,8.0,6.0
conv_219,8.0,7.0,7.0,8.0,7.0,7.0,7.0,8.0,8.0,8.0,8.0,8.0,7.0,8.0,8.0,8.0,4.0,3.0,4.0,8.0,7.0,8.0,10.0,8.0,8.0,8.0,7.0,8.0,8.0,7.0
conv_220,8.0,6.0,3.0,8.0,8.0,8.0,8.0,8.0,8.0,9.0,8.0,10.0,8.0,8.0,8.0,8.0,8.0,8.0,9.0,8.0,8.0,10.0,8.0,8.0,10.0,8.0,8.0,8.0,8.0,10.0
conv_221,7.0,8.0,7.0,7.0,9.0,8.0,10.0,8.0,8.0,8.0,6.0,8.0,8.0,8.0,8.0,8.0,8.0,8.0,8.0,8.0,8.0,8.0,8.0,10.0,8.0,8.0,7.0,8.0,8.0,8.0
conv_222,7.0,8.0,7.0,10.0,8.0,7.0,8.0,8.0,8.0,8.0,8.0,10.0,8.0,8.0,8.0,6.0,8.0,8.0,7.0,8.0,8.0,8.0,8.0,8.0,8.0,7.0,7.0,8.0,8.0,8.0
conv_223,8.0,7.0,8.0,8.0,8.0,8.0,8.0,8.0,7.0,7.0,8.0,4.0,8.0,8.0,8.0,8.0,8.0,8.0,7.0,7.0,3.0,7.0,10.0,8.0,8.0,10.0,8.0,8.0,7.0,8.0
conv_224,6.0,8.0,8.0,7.0,8.0,7.0,8.0,8.0,8.0,8.0,8.0,8.0,8.0,7.0,8.0,5.0,6.0,8.0,8.0,7.0,6.0,8.0,8.0,7.0,8.0,8.0,8.0,8.0,8.0,7.0
conv_225,8.0,8.0,8.0,8.0,8.0,8.0,8.0,10.0,8.0,8.0,8.0,10.0,8.0,8.0,8.0,8.0,8.0,8.0,8.0,8.0,8.0,8.0,8.0,7.0,8.0,7.0,8.0,8.0,8.0,8.0
conv_226,8.0,8.0,8.0,7.0,8.0,10.0,8.0,8.0,8.0,8.0,8.0,9.0,8.0,5.0,4.0,8.0,8.0,8.0,8.0,8.0,8.0,8.0,8.0,10.0,10.0,8.0,6.0,8.0,8.0,8.0
conv_227,8.0,8.0,8.0,7.0,8.0,8.0,8.0,2.0,6.0,5.0,8.0,4.0,8.0,4.0,8.0,8.0,8.0,8.0,7.0,7.0,8.0,8.0,8.0,7.0,10.0,8.0,7.0,8.0,5.0,7.0
conv_228,8.0,8.0,8.0,8.0,8.0,8.0,8.0,8.0,8.0,8.0,8.0,7.0,8.0,8.0,8.0,8.0,8.0,8.0,8.0,8.0,8.0,7.0,8.0,10.0,8.0,8.0,6.0,8.0,6.0,8.0
conv_229,8.0,7.0,8.0,10.0,8.0,7.0,10.0,10.0,8.0,8.0,8.0,7.0,8.0,8.0,7.0,7.0,7.0,7.0,8.0,10.0,8.0,8.0,3.0,7.0,7.0,7.0,8.0,8.0,9.0,8.0
conv_230,6.0,8.0,8.0,8.0,8.0,8.0,8.0,8.0,8.0,8.0,8.0,8.0,8.0,8.0,8.0,8.0,8.0,8.0,8.0,8.0,8.0,10.0,8.0,8.0,8.0,10.0,8.0,8.0,8.0,8.0
conv_231,7.0,8.0,8.0,8.0,8.0,10.0,8.0,10.0,8.0,8.0,8.0,7.0,8.0,3.0,8.0,8.0,7.0,8.0,8.0,9.0,8.0,10.0,4.0,8.0,8.0,8.0,10.0,8.0,9.0,8.0
conv_232,4.0,7.0,8.0,8.0,8.0,8.0,8.0,8.0,6.0,8.0,8.0,6.0,10.0,7.0,7.0,8.0,8.0,5.0,8.0,8.0,8.0,8.0,8.0,7.0,8.0,8.0,8.0,8.0,8.0,8.0
conv_233,8.0,8.0,6.0,8.0,7.0,7.0,8.0,8.0,8.0,7.0,7.0,6.0,8.0,8.0,8.0,8.0,8.0,7.0,7.0,8.0,8.0,8.0,8.0,7.0,7.0,3.0,7.0,7.0,4.0,7.0
conv_234,6.0,8.0,3.0,8.0,4.0,8.0,8.0,8.0,8.0,8.0,10.0,8.0,8.0,8.0,8.0,8.0,4.0,8.0,6.0,8.0,8.0,7.0,8.0,8.0,7.0,8.0,8.0,8.0,8.0,8.0
conv_235,2.0,8.0,8.0,8.0,8.0,8.0,8.0,2.0,8.0,6.0,8.0,8.0,8.0,8.0,8.0,8.0,10.0,8.0,8.0,8.0,10.0,8.0,10.0,10.0,8.0,8.0,10.0,8.0,10.0,10.0
conv_236,8.0,7.0,8.0,8.0,8.0,8.0,8.0,8.0,8.0,8.0,8.0,9.0,8.0,4.0,8.0,10.0,8.0,8.0,8.0,8.0,8.0,8.0,8.0,8.0,8.0,8.0,8.0,7.0,8.0,8.0
conv_237,8.0,8.0,7.0,8.0,8.0,8.0,8.0,8.0,7.0,3.0,8.0,8.0,10.0,8.0,8.0,10.0,8.0,8.0,8.0,10.0,8.0,8.0,8.0,2.0,8.0,8.0,8.0,8.0,8.0,8.0
conv_238,8.0,8.0,4.0,8.0,7.0,7.0,8.0,8.0,8.0,8.0,8.0,8.0,8.0,8.0,7.0,2.0,6.0,7.0,7.0,8.0,7.0,2.0,7.0,4.0,8.0,7.0,7.0,7.0,8.0,8.0
conv_239,3.0,6.0,8.0,8.0,8.0,8.0,8.0,10.0,10.0,2.0,8.0,10.0,10.0,8.0,8.0,8.0,8.0,4.0,8.0,8.0,8.0,10.0,8.0,8.0,7.0,8.0,9.0,8.0,8.0,10.0
conv_240,7.0,8.0,8.0,8.0,7.0,8.0,8.0,8.0,8.0,8.0,8.0,10.0,8.0,8.0,8.0,9.0,8.0,8.0,7.0,9.0,9.0,10.0,8.0,8.0,8.0,10.0,9.0,8.0,8.0,8.0
conv_241,7.0,8.0,4.0,7.0,8.0,6.0,8.0,8.0,10.0,8.0,8.0,7.0,8.0,3.0,2.0,7.0,8.0,8.0,8.0,8.0,8.0,6.0,4.0,8.0,8.0,6.0,8.0,10.0,8.0,8.0
conv_242,7.0,7.0,10.0,10.0,10.0,8.0,8.0,8.0,8.0,8.0,10.0,8.0,8.0,8.0,8.0,8.0,8.0,8.0,8.0,8.0,8.0,8.0,8.0,8.0,8.0,9.0,9.0,8.0,8.0,7.0
conv_243,3.0,8.0,8.0,8.0,8.0,8.0,8.0,8.0,7.0,8.0,8.0,7.0,7.0,7.0,8.0,8.0,8.0,8.0,8.0,2.0,8.0,8.0,8.0,7.0,7.0,8.0,8.0,4.0,8.0,8.0
conv_244,8.0,8.0,8.0,3.0,8.0,8.0,8.0,8.0,8.0,8.0,7.0,8.0,8.0,8.0,8.0,8.0,7.0,8.0,8.0,4.0,8.0,8.0,8.0,8.0,7.0,8.0,8.0,8.0,8.0,8.0
conv_245,3.0,8.0,8.0,7.0,8.0,8.0,8.0,9.0,8.0,8.0,7.0,8.0,8.0,8.0,7.0,8.0,7.0,8.0,8.0,8.0,10.0,8.0,9.0,10.0,8.0,8.0,8.0,8.0,8.0,8.0
conv_246,8.0,8.0,8.0,7.0,6.0,8.0,8.0,10.0,7.0,8.0,8.0,8.0,8.0,8.0,8.0,8.0,8.0,8.0,7.0,8.0,7.0,8.0,8.0,6.0,8.0,8.0,8.0,8.0,10.0,8.0
conv_247,3.0,8.0,8.0,6.0,8.0,8.0,10.0,8.0,10.0,10.0,8.0,8.0,8.0,8.0,8.0,8.0,8.0,8.0,8.0,8.0,8.0,2.0,3.0,8.0,10.0,8.0,8.0,8.0,8.0,8.0
conv_248,8.0,8.0,6.0,10.0,8.0,7.0,7.0,8.0,8.0,8.0,8.0,6.0,7.0,8.0,10.0,8.0,8.0,8.0,7.0,8.0,8.0,9.0,8.0,8.0,8.0,8.0,8.0,7.0,6.0,6.0
conv_249,8.0,8.0,8.0,8.0,8.0,7.0,8.0,7.0,6.0,7.0,7.0,7.0,5.0,4.0,7.0,8.0,8.0,8.0,8.0,7.0,8.0,8.0,8.0,7.0,7.0,8.0,7.0,7.0,8.0,8.0
conv_250,4.0,6.0,5.0,8.0,8.0,8.0,8.0,8.0,8.0,8.0,8.0,8.0,7.0,4.0,8.0,8.0,7.0,8.0,10.0,8.0,7.0,8.0,8.0,5.0,8.0,8.0,6.0,8.0,8.0,8.0
conv_251,8.0,8.0,7.0,8.0,8.0,7.0,8.0,8.0,8.0,8.0,8.0,8.0,8.0,8.0,8.0,6.0,7.0,7.0,7.0,7.0,7.0,8.0,8.0,4.0,8.0,8.0,7.0,8.0,7.0,4.0
conv_252,5.0,10.0,8.0,8.0,4.0,8.0,8.0,8.0,8.0,9.0,7.0,8.0,8.0,10.0,8.0,8.0,8.0,8.0,9.0,8.0,9.0,8.0,9.0,5.0,8.0,8.0,5.0,8.0,8.0,10.0
conv_253,7.0,8.0,8.0,8.0,8.0,8.0,8.0,7.0,8.0,6.0,8.0,7.0,8.0,8.0,8.0,8.0,8.0,7.0,7.0,6.0,8.0,8.0,8.0,8.0,8.0,8.0,8.0,8.0,8.0,8.0
conv_254,2.0,8.0,6.0,5.0,6.0,8.0,7.0,8.0,7.0,7.0,3.0,7.0,5.0,8.0,8.0,8.0,4.0,8.0,7.0,7.0,6.0,5.0,8.0,3.0,8.0,7.0,7.0,8.0,8.0,8.0
conv_255,8.0,8.0,8.0,8.0,8.0,8.0,8.0,7.0,8.0,8.0,10.0,8.0,8.0,8.0,8.0,8.0,8.0,8.0,8.0,4.0,8.0,10.0,10.0,8.0,8.0,8.0,8.0,8.0,8.0,8.0
conv_256,8.0,7.0,7.0,3.0,7.0,8.0,8.0,8.0,8.0,8.0,7.0,8.0,8.0,8.0,3.0,8.0,7.0,10.0,7.0,3.0,8.0,8.0,8.0,8.0,8.0,8.0,7.0,8.0,7.0,8.0
conv_257,8.0,8.0,8.0,7.0,8.0,8.0,8.0,8.0,5.0,8.0,8.0,2.0,5.0,8.0,7.0,8.0,7.0,3.0,7.0,8.0,7.0,3.0,8.0,2.0,7.0,8.0,5.0,4.0,8.0,8.0
conv_258,7.0,7.0,8.0,6.0,8.0,7.0,10.0,8.0,8.0,8.0,8.0,10.0,8.0,8.0,8.0,8.0,8.0,8.0,8.0,7.0,8.0,8.0,8.0,8.0,8.0,8.0,8.0,8.0,8.0,8.0
conv_259,7.0,8.0,8.0,6.0,7.0,8.0,8.0,8.0,8.0,10.0,8.0,8.0,8.0,6.0,5.0,8.0,8.0,9.0,8.0,8.0,8.0,8.0,7.0,8.0,8.0,9.0,8.0,8.0,8.0,9.0
conv_260,8.0,8.0,8.0,8.0,8.0,8.0,8.0,8.0,7.0,7.0,7.0,8.0,8.0,7.0,8.0,5.0,7.0,8.0,10.0,9.0,8.0,8.0,7.0,8.0,5.0,8.0,7.0,7.0,10.0,10.0
conv_261,8.0,4.0,8.0,8.0,8.0,10.0,8.0,8.0,8.0,8.0,8.0,8.0,8.0,8.0,8.0,8.0,8.0,8.0,8.0,8.0,8.0,2.0,8.0,10.0,7.0,7.0,8.0,8.0,8.0,8.0
conv_262,3.0,7.0,8.0,8.0,8.0,8.0,8.0,8.0,8.0,8.0,8.0,4.0,8.0,8.0,8.0,10.0,8.0,8.0,6.0,8.0,7.0,8.0,8.0,5.0,8.0,4.0,4.0,8.0,8.0,2.0
conv_263,8.0,7.0,8.0,8.0,7.0,8.0,8.0,8.0,5.0,7.0,7.0,8.0,7.0,8.0,7.0,7.0,8.0,7.0,3.0,8.0,7.0,6.0,8.0,7.0,8.0,3.0,7.0,8.0,3.0,8.0
conv_264,8.0,6.0,8.0,5.0,7.0,8.0,7.0,8.0,8.0,8.0,8.0,8.0,8.0,8.0,7.0,8.0,8.0,10.0,8.0,8.0,8.0,8.0,8.0,7.0,8.0,8.0,7.0,8.0,8.0,8.0
conv_265,2.0,8.0,8.0,8.0,8.0,8.0,8.0,8.0,8.0,8.0,8.0,8.0,8.0,10.0,8.0,8.0,8.0,8.0,8.0,8.0,8.0,8.0,10.0,8.0,8.0,10.0,8.0,8.0,8.0,8.0
conv_266,7.0,8.0,8.0,8.0,8.0,8.0,8.0,3.0,8.0,7.0,8.0,9.0,8.0,8.0,8.0,8.0,1.0,6.0,8.0,8.0,8.0,8.0,8.0,8.0,8.0,8.0,8.0,8.0,8.0,8.0
conv_267,8.0,7.0,10.0,8.0,8.0,8.0,8.0,8.0,7.0,8.0,10.0,8.0,8.0,8.0,8.0,7.0,9.0,8.0,8.0,8.0,8.0,9.0,8.0,10.0,10.0,8.0,8.0,10.0,7.0,7.0
conv_268,8.0,8.0,3.0,8.0,8.0,8.0,8.0,8.0,10.0,8.0,8.0,8.0,8.0,8.0,8.0,8.0,8.0,8.0,10.0,8.0,8.0,8.0,10.0,10.0,10.0,8.0,8.0,8.0,8.0,8.0
conv_269,7.0,8.0,7.0,8.0,8.0,8.0,7.0,8.0,8.0,8.0,7.0,2.0,4.0,8.0,7.0,8.0,8.0,7.0,7.0,7.0,5.0,7.0,8.0,8.0,2.0,7.0,7.0,7.0,8.0,8.0
conv_270,8.0,8.0,8.0,8.0,8.0,8.0,8.0,8.0,8.0,8.0,8.0,8.0,8.0,8.0,8.0,8.0,8.0,8.0,8.0,8.0,8.0,8.0,8.0,7.0,8.0,8.0,7.0,8.0,8.0,9.0
conv_271,7.0,8.0,8.0,8.0,8.0,8.0,8.0,8.0,8.0,8.0,8.0,9.0,7.0,4.0,8.0,7.0,8.0,7.0,7.0,8.0,8.0,6.0,6.0,8.0,7.0,8.0,8.0,9.0,8.0,7.0
conv_272,7.0,8.0,8.0,7.0,6.0,8.0,8.0,8.0,3.0,3.0,8.0,8.0,8.0,7.0,2.0,4.0,8.0,8.0,6.0,8.0,8.0,8.0,8.0,7.0,8.0,8.0,8.0,8.0,8.0,8.0
conv_273,8.0,8.0,8.0,8.0,8.0,8.0,8.0,8.0,10.0,8.0,8.0,8.0,8.0,7.0,8.0,6.0,10.0,8.0,8.0,8.0,8.0,8.0,8.0,8.0,8.0,9.0,8.0,8.0,8.0,8.0
conv_274,8.0,8.0,10.0,6.0,8.0,8.0,8.0,8.0,8.0,8.0,8.0,7.0,8.0,8.0,8.0,8.0,10.0,8.0,8.0,8.0,8.0,8.0,8.0,8.0,8.0,8.0,8.0,8.0,8.0,8.0
conv_275,5.0,8.0,8.0,8.0,8.0,8.0,8.0,8.0,7.0,8.0,6.0,8.0,7.0,8.0,8.0,7.0,8.0,5.0,6.0,7.0,6.0,5.0,3.0,7.0,10.0,8.0,7.0,8.0,4.0,8.0
conv_276,5.0,10.0,7.0,8.0,8.0,8.0,8.0,8.0,8.0,8.0,7.0,8.0,8.0,8.0,7.0,8.0,8.0,8.0,8.0,8.0,8.0,8.0,8.0,8.0,8.0,10.0,8.0,10.0,8.0,8.0
conv_277,4.0,8.0,8.0,8.0,8.0,8.0,8.0,8.0,7.0,8.0,8.0,8.0,8.0,8.0,8.0,8.0,8.0,10.0,8.0,8.0,8.0,8.0,8.0,8.0,8.0,8.0,8.0,7.0,7.0,8.0
conv_278,8.0,10.0,8.0,8.0,8.0,8.0,9.0,8.0,8.0,10.0,8.0,8.0,8.0,7.0,8.0,7.0,8.0,8.0,3.0,7.0,7.0,8.0,8.0,8.0,8.0,7.0,8.0,8.0,8.0,8.0
conv_279,8.0,7.0,7.0,8.0,8.0,8.0,8.0,7.0,8.0,8.0,8.0,8.0,8.0,8.0,8.0,10.0,8.0,7.0,8.0,8.0,8.0,7.0,8.0,7.0,8.0,8.0,8.0,8.0,8.0,8.0
conv_280,7.0,8.0,9.0,8.0,9.0,8.0,8.0,8.0,7.0,7.0,8.0,4.0,10.0,8.0,8.0,7.0,8.0,10.0,8.0,8.0,9.0,8.0,8.0,8.0,7.0,8.0,8.0,8.0,8.0,8.0
conv_281,8.0,8.0,10.0,8.0,7.0,8.0,8.0,8.0,8.0,8.0,8.0,8.0,10.0,8.0,8.0,8.0,10.0,8.0,8.0,8.0,7.0,10.0,8.0,8.0,7.0,8.0,7.0,8.0,8.0,8.0
conv_282,8.0,8.0,8.0,8.0,8.0,7.0,7.0,8.0,8.0,8.0,8.0,8.0,8.0,7.0,8.0,7.0,8.0,8.0,8.0,8.0,8.0,7.0,8.0,8.0,7.0,8.0,5.0,7.0,8.0,8.0
conv_283,7.0,8.0,8.0,8.0,8.0,8.0,8.0,8.0,8.0,8.0,8.0,8.0,8.0,8.0,7.0,8.0,8.0,8.0,8.0,8.0,8.0,8.0,8.0,8.0,8.0,8.0,8.0,7.0,8.0,8.0
conv_284,7.0,8.0,7.0,7.0,8.0,8.0,8.0,8.0,8.0,8.0,8.0,8.0,8.0,8.0,7.0,8.0,8.0,8.0,8.0,8.0,6.0,4.0,6.0,7.0,7.0,8.0,8.0,8.0,8.0,8.0
conv_285,6.0,8.0,7.0,9.0,8.0,8.0,8.0,8.0,8.0,8.0,8.0,8.0,8.0,7.0,8.0,8.0,8.0,8.0,8.0,8.0,7.0,8.0,9.0,8.0,8.0,8.0,8.0,8.0,8.0,8.0
conv_286,8.0,8.0,7.0,8.0,8.0,8.0,8.0,8.0,8.0,10.0,8.0,8.0,8.0,7.0,8.0,8.0,6.0,10.0,8.0,8.0,7.0,8.0,10.0,8.0,8.0,6.0,8.0,8.0,8.0,8.0
conv_287,8.0,8.0,8.0,10.0,8.0,8.0,8.0,8.0,8.0,8.0,8.0,8.0,8.0,9.0,7.0,6.0,7.0,8.0,8.0,8.0,8.0,7.0,8.0,6.0,8.0,8.0,8.0,8.0,8.0,7.0
conv_288,8.0,4.0,10.0,8.0,8.0,8.0,8.0,8.0,9.0,8.0,8.0,8.0,8.0,10.0,8.0,7.0,8.0,8.0,8.0,7.0,8.0,8.0,7.0,8.0,10.0,8.0,8.0,7.0,10.0,8.0
conv_289,8.0,10.0,8.0,8.0,8.0,10.0,10.0,10.0,8.0,10.0,8.0,8.0,10.0,8.0,8.0,10.0,8.0,7.0,8.0,8.0,9.0,8.0,9.0,8.0,8.0,8.0,10.0,8.0,8.0,8.0
conv_290,7.0,7.0,8.0,8.0,8.0,8.0,8.0,7.0,8.0,8.0,8.0,8.0,8.0,7.0,7.0,8.0,8.0,8.0,7.0,8.0,7.0,8.0,7.0,7.0,7.0,7.0,8.0,8.0,8.0,7.0
conv_291,8.0,8.0,8.0,8.0,8.0,8.0,8.0,8.0,7.0,8.0,8.0,8.0,8.0,8.0,8.0,8.0,8.0,8.0,8.0,8.0,8.0,8.0,8.0,8.0,1.0,8.0,8.0,8.0,2.0,8.0
conv_292,8.0,7.0,8.0,6.0,7.0,8.0,7.0,7.0,8.0,7.0,7.0,8.0,8.0,3.0,8.0,7.0,8.0,3.0,8.0,8.0,7.0,8.0,7.0,7.0,8.0,8.0,8.0,8.0,8.0,7.0
conv_293,8.0,8.0,5.0,8.0,8.0,8.0,6.0,2.0,8.0,6.0,7.0,8.0,8.0,8.0,8.0,8.0,7.0,8.0,7.0,8.0,7.0,7.0,4.0,5.0,7.0,7.0,6.0,8.0,8.0,5.0
conv_294,8.0,8.0,8.0,8.0,8.0,7.0,8.0,6.0,8.0,8.0,8.0,7.0,8.0,8.0,7.0,8.0,8.0,6.0,8.0,8.0,8.0,8.0,7.0,8.0,8.0,8.0,8.0,8.0,8.0,6.0
conv_295,7.0,8.0,8.0,8.0,4.0,8.0,8.0,8.0,8.0,8.0,8.0,8.0,7.0,8.0,8.0,8.0,8.0,8.0,8.0,9.0,8.0,8.0,8.0,8.0,8.0,8.0,10.0,8.0,8.0,8.0
conv_296,7.0,7.0,8.0,8.0,7.0,8.0,8.0,8.0,7.0,8.0,7.0,8.0,8.0,6.0,8.0,8.0,3.0,6.0,8.0,6.0,8.0,3.0,4.0,8.0,8.0,8.0,7.0,7.0,8.0,7.0
conv_297,8.0,8.0,7.0,8.0,8.0,8.0,8.0,7.0,7.0,8.0,8.0,8.0,8.0,7.0,8.0,7.0,6.0,8.0,8.0,8.0,8.0,4.0,8.0,8.0,7.0,7.0,8.0,8.0,7.0,7.0
conv_298,7.0,8.0,9.0,7.0,3.0,4.0,7.0,7.0,8.0,3.0,8.0,8.0,8.0,8.0,8.0,7.0,8.0,8.0,9.0,8.0,8.0,8.0,4.0,8.0,8.0,6.0,8.0,8.0,8.0,8.0
conv_299,7.0,8.0,8.0,8.0,7.0,8.0,8.0,7.0,8.0,8.0,7.0,8.0,8.0,8.0,8.0,5.0,8.0,8.0,8.0,8.0,8.0,6.0,8.0,8.0,8.0,5.0,8.0,8.0,8.0,8.0
conv_300,7.0,7.0,8.0,10.0,8.0,8.0,8.0,8.0,8.0,8.0,8.0,8.0,7.0,8.0,10.0,8.0,8.0,8.0,8.0,7.0,8.0,8.0,6.0,8.0,8.0,8.0,8.0,8.0,8.0,8.0
conv_301,3.0,3.0,8.0,6.0,8.0,7.0,8.0,8.0,8.0,8.0,8.0,7.0,8.0,8.0,3.0,8.0,8.0,8.0,8.0,8.0,8.0,7.0,9.0,8.0,7.0,8.0,8.0,8.0,8.0,8.0
conv_302,7.0,8.0,8.0,8.0,8.0,3.0,8.0,10.0,8.0,8.0,8.0,3.0,8.0,8.0,8.0,8.0,8.0,8.0,8.0,8.0,8.0,8.0,8.0,8.0,10.0,8.0,8.0,8.0,8.0,8.0
conv_303,6.0,6.0,7.0,3.0,6.0,8.0,7.0,7.0,7.0,8.0,8.0,8.0,7.0,8.0,8.0,4.0,8.0,7.0,8.0,8.0,8.0,8.0,8.0,7.0,7.0,8.0,8.0,7.0,7.0,8.0
conv_304,6.0,8.0,8.0,8.0,8.0,8.0,8.0,8.0,8.0,7.0,8.0,8.0,8.0,8.0,8.0,10.0,8.0,8.0,8.0,8.0,8.0,8.0,9.0,8.0,8.0,8.0,7.0,8.0,8.0,8.0
conv_305,8.0,8.0,7.0,8.0,8.0,7.0,8.0,8.0,8.0,8.0,5.0,8.0,7.0,7.0,8.0,7.0,8.0,8.0,7.0,7.0,8.0,7.0,7.0,8.0,7.0,7.0,8.0,8.0,8.0,8.0
conv_306,6.0,8.0,8.0,8.0,8.0,8.0,7.0,8.0,8.0,8.0,10.0,8.0,8.0,4.0,8.0,8.0,8.0,7.0,10.0,8.0,9.0,9.0,8.0,10.0,8.0,8.0,8.0,9.0,8.0,9.0
conv_307,10.0,8.0,8.0,8.0,10.0,8.0,8.0,8.0,8.0,8.0,9.0,8.0,8.0,8.0,8.0,7.0,8.0,8.0,8.0,8.0,8.0,8.0,8.0,8.0,8.0,8.0,8.0,8.0,8.0,8.0
conv_308,8.0,8.0,7.0,7.0,8.0,8.0,8.0,8.0,8.0,8.0,8.0,8.0,8.0,8.0,8.0,8.0,4.0,8.0,8.0,8.0,8.0,9.0,8.0,8.0,8.0,8.0,8.0,8.0,8.0,8.0
conv_309,8.0,8.0,8.0,7.0,8.0,8.0,8.0,8.0,7.0,8.0,8.0,8.0,10.0,10.0,8.0,8.0,10.0,9.0,7.0,8.0,10.0,10.0,8.0,8.0,8.0,10.0,9.0,8.0,8.0,8.0
conv_310,8.0,8.0,8.0,8.0,7.0,8.0,7.0,8.0,8.0,4.0,9.0,8.0,8.0,10.0,8.0,8.0,8.0,8.0,8.0,8.0,7.0,3.0,6.0,8.0,8.0,8.0,8.0,8.0,8.0,8.0
conv_311,8.0,8.0,8.0,10.0,8.0,8.0,10.0,10.0,8.0,8.0,8.0,8.0,8.0,10.0,9.0,8.0,8.0,8.0,8.0,8.0,8.0,8.0,10.0,8.0,8.0,8.0,8.0,8.0,8.0,8.0
conv_312,4.0,8.0,9.0,8.0,7.0,8.0,9.0,8.0,8.0,8.0,5.0,8.0,8.0,6.0,10.0,8.0,8.0,8.0,8.0,7.0,7.0,8.0,8.0,7.0,8.0,8.0,8.0,8.0,8.0,8.0
conv_313,8.0,8.0,8.0,7.0,8.0,7.0,8.0,5.0,8.0,8.0,7.0,2.0,7.0,7.0,7.0,7.0,2.0,5.0,5.0,8.0,2.0,4.0,7.0,7.0,8.0,7.0,9.0,8.0,8.0,7.0
conv_314,4.0,8.0,7.0,7.0,8.0,7.0,8.0,8.0,8.0,8.0,6.0,7.0,5.0,8.0,7.0,7.0,8.0,8.0,7.0,7.0,8.0,8.0,7.0,7.0,7.0,7.0,8.0,7.0,7.0,7.0
conv_315,8.0,7.0,8.0,3.0,3.0,8.0,8.0,7.0,7.0,6.0,7.0,8.0,8.0,8.0,8.0,7.0,7.0,8.0,7.0,8.0,7.0,6.0,6.0,6.0,7.0,8.0,3.0,8.0,7.0,8.0
conv_316,2.0,8.0,8.0,8.0,8.0,8.0,8.0,8.0,10.0,8.0,8.0,8.0,7.0,8.0,8.0,8.0,8.0,8.0,8.0,8.0,8.0,8.0,8.0,8.0,8.0,8.0,8.0,8.0,10.0,8.0
conv_317,7.0,8.0,7.0,7.0,6.0,8.0,7.0,7.0,8.0,7.0,8.0,8.0,8.0,5.0,5.0,7.0,7.0,8.0,7.0,7.0,7.0,6.0,8.0,7.0,8.0,7.0,8.0,8.0,7.0,8.0
conv_318,7.0,7.0,8.0,6.0,8.0,8.0,8.0,10.0,8.0,10.0,8.0,10.0,7.0,6.0,7.0,10.0,8.0,8.0,7.0,10.0,8.0,8.0,8.0,8.0,8.0,8.0,8.0,8.0,8.0,8.0
conv_319,7.0,10.0,8.0,10.0,8.0,8.0,8.0,8.0,10.0,10.0,10.0,8.0,8.0,10.0,8.0,10.0,10.0,8.0,10.0,8.0,8.0,8.0,10.0,10.0,8.0,10.0,10.0,8.0,8.0,8.0
conv_320,8.0,8.0,8.0,8.0,8.0,8.0,8.0,8.0,8.0,5.0,8.0,8.0,8.0,10.0,7.0,8.0,8.0,8.0,8.0,7.0,8.0,8.0,8.0,8.0,10.0,8.0,8.0,8.0,8.0,9.0
conv_321,8.0,8.0,10.0,10.0,8.0,8.0,8.0,8.0,8.0,8.0,10.0,8.0,8.0,10.0,10.0,10.0,8.0,8.0,8.0,8.0,10.0,8.0,10.0,10.0,8.0,10.0,8.0,8.0,8.0,8.0
conv_322,7.0,7.0,8.0,7.0,3.0,8.0,8.0,7.0,7.0,3.0,8.0,8.0,8.0,6.0,8.0,7.0,8.0,8.0,8.0,4.0,4.0,8.0,8.0,3.0,7.0,8.0,8.0,6.0,6.0,8.0
conv_323,8.0,8.0,8.0,8.0,8.0,8.0,7.0,8.0,8.0,8.0,8.0,7.0,8.0,8.0,5.0,6.0,7.0,8.0,8.0,8.0,8.0,7.0,8.0,8.0,8.0,7.0,8.0,8.0,8.0,8.0
conv_324,8.0,8.0,8.0,7.0,8.0,8.0,8.0,8.0,8.0,6.0,6.0,3.0,6.0,7.0,8.0,8.0,8.0,8.0,10.0,8.0,7.0,7.0,8.0,6.0,6.0,8.0,8.0,7.0,7.0,8.0
conv_325,8.0,8.0,8.0,7.0,7.0,8.0,8.0,3.0,7.0,8.0,8.0,8.0,8.0,7.0,6.0,8.0,8.0,8.0,8.0,8.0,8.0,8.0,8.0,8.0,7.0,8.0,8.0,7.0,8.0,8.0
conv_326,7.0,8.0,7.0,8.0,8.0,3.0,8.0,8.0,2.0,6.0,8.0,6.0,8.0,8.0,7.0,8.0,7.0,9.0,7.0,8.0,6.0,8.0,6.0,7.0,6.0,7.0,4.0,7.0,7.0,8.0
conv_327,8.0,8.0,2.0,8.0,8.0,9.0,8.0,8.0,10.0,10.0,8.0,8.0,8.0,7.0,8.0,8.0,8.0,8.0,7.0,9.0,8.0,8.0,8.0,8.0,8.0,8.0,8.0,8.0,8.0,8.0
conv_328,3.0,8.0,10.0,8.0,8.0,8.0,8.0,8.0,8.0,8.0,8.0,8.0,10.0,10.0,8.0,8.0,8.0,8.0,8.0,9.0,8.0,8.0,8.0,9.0,8.0,8.0,8.0,10.0,8.0,8.0
conv_329,7.0,8.0,7.0,8.0,8.0,7.0,8.0,8.0,8.0,8.0,8.0,8.0,8.0,8.0,8.0,8.0,8.0,8.0,8.0,8.0,8.0,7.0,7.0,9.0,8.0,8.0,8.0,8.0,8.0,8.0
conv_330,8.0,8.0,8.0,8.0,8.0,8.0,10.0,10.0,7.0,8.0,10.0,8.0,8.0,7.0,8.0,9.0,10.0,8.0,8.0,8.0,8.0,8.0,8.0,10.0,6.0,7.0,7.0,7.0,8.0,8.0
conv_331,8.0,10.0,8.0,7.0,8.0,8.0,8.0,7.0,8.0,8.0,7.0,8.0,8.0,8.0,8.0,8.0,10.0,7.0,4.0,7.0,8.0,10.0,7.0,8.0,8.0,8.0,7.0,8.0,7.0,8.0
conv_332,9.0,8.0,8.0,8.0,8.0,8.0,7.0,6.0,8.0,8.0,8.0,7.0,8.0,8.0,8.0,8.0,8.0,8.0,7.0,8.0,8.0,7.0,8.0,8.0,8.0,8.0,8.0,8.0,8.0,8.0
conv_333,3.0,6.0,8.0,7.0,7.0,8.0,7.0,7.0,6.0,8.0,9.0,8.0,8.0,8.0,8.0,7.0,8.0,6.0,7.0,7.0,8.0,7.0,7.0,7.0,8.0,7.0,8.0,8.0,8.0,7.0
conv_334,7.0,8.0,8.0,8.0,7.0,8.0,8.0,8.0,8.0,7.0,8.0,8.0,8.0,8.0,8.0,8.0,8.0,8.0,8.0,6.0,7.0,8.0,8.0,8.0,8.0,7.0,8.0,7.0,8.0,8.0
conv_335,8.0,8.0,7.0,8.0,8.0,8.0,8.0,7.0,8.0,8.0,8.0,8.0,8.0,8.0,10.0,7.0,8.0,8.0,8.0,8.0,8.0,8.0,5.0,8.0,8.0,9.0,8.0,8.0,8.0,8.0
conv_336,8.0,2.0,8.0,8.0,8.0,8.0,2.0,8.0,8.0,8.0,8.0,10.0,8.0,8.0,8.0,8.0,8.0,8.0,10.0,8.0,8.0,8.0,8.0,8.0,10.0,8.0,8.0,8.0,8.0,8.0
conv_337,6.0,8.0,8.0,8.0,8.0,8.0,8.0,8.0,10.0,8.0,8.0,8.0,8.0,8.0,8.0,8.0,8.0,10.0,8.0,8.0,8.0,8.0,8.0,8.0,8.0,8.0,8.0,8.0,8.0,8.0
conv_338,3.0,8.0,8.0,8.0,8.0,10.0,8.0,8.0,6.0,8.0,8.0,7.0,8.0,8.0,7.0,8.0,8.0,8.0,8.0,7.0,7.0,8.0,8.0,8.0,8.0,8.0,7.0,9.0,7.0,7.0
conv_339,3.0,8.0,7.0,8.0,8.0,10.0,7.0,8.0,8.0,8.0,8.0,8.0,8.0,8.0,8.0,8.0,8.0,8.0,8.0,6.0,8.0,8.0,7.0,8.0,8.0,8.0,7.0,8.0,8.0,8.0
conv_340,7.0,8.0,8.0,8.0,7.0,8.0,8.0,6.0,8.0,8.0,8.0,8.0,8.0,8.0,7.0,8.0,8.0,8.0,6.0,8.0,8.0,8.0,7.0,8.0,8.0,7.0,8.0,8.0,8.0,8.0
conv_341,7.0,7.0,7.0,8.0,8.0,8.0,8.0,8.0,8.0,8.0,8.0,10.0,10.0,8.0,1.0,8.0,10.0,8.0,8.0,8.0,8.0,8.0,8.0,9.0,8.0,8.0,8.0,8.0,10.0,8.0
conv_342,7.0,8.0,7.0,7.0,8.0,8.0,7.0,8.0,5.0,8.0,8.0,7.0,8.0,8.0,8.0,7.0,7.0,8.0,8.0,8.0,8.0,7.0,7.0,8.0,7.0,8.0,8.0,8.0,8.0,8.0
conv_343,8.0,8.0,8.0,8.0,3.0,8.0,8.0,8.0,8.0,8.0,8.0,8.0,8.0,2.0,8.0,8.0,7.0,8.0,8.0,10.0,8.0,7.0,8.0,8.0,8.0,7.0,7.0,8.0,8.0,8.0
conv_344,2.0,8.0,8.0,8.0,7.0,8.0,9.0,8.0,7.0,7.0,10.0,4.0,9.0,8.0,8.0,8.0,8.0,8.0,8.0,6.0,8.0,8.0,10.0,8.0,7.0,8.0,7.0,10.0,8.0,8.0
conv_345,8.0,8.0,8.0,8.0,8.0,8.0,8.0,8.0,8.0,8.0,7.0,8.0,8.0,10.0,8.0,7.0,8.0,8.0,8.0,8.0,8.0,7.0,7.0,8.0,10.0,8.0,8.0,8.0,8.0,8.0
conv_346,6.0,8.0,8.0,8.0,8.0,8.0,8.0,8.0,8.0,8.0,8.0,8.0,8.0,8.0,8.0,8.0,8.0,7.0,8.0,8.0,7.0,7.0,8.0,7.0,8.0,8.0,8.0,8.0,6.0,8.0
conv_347,9.0,8.0,10.0,8.0,8.0,8.0,7.0,8.0,8.0,7.0,8.0,8.0,6.0,4.0,6.0,4.0,8.0,8.0,8.0,6.0,4.0,9.0,8.0,8.0,8.0,7.0,8.0,8.0,7.0,8.0
conv_348,4.0,6.0,8.0,9.0,8.0,7.0,8.0,7.0,7.0,8.0,8.0,5.0,8.0,8.0,8.0,8.0,8.0,3.0,10.0,8.0,8.0,4.0,2.0,8.0,4.0,7.0,8.0,7.0,8.0,7.0
conv_349,8.0,8.0,8.0,8.0,10.0,7.0,8.0,10.0,8.0,10.0,7.0,8.0,8.0,8.0,7.0,8.0,8.0,8.0,10.0,7.0,8.0,8.0,8.0,7.0,8.0,8.0,8.0,8.0,8.0,7.0
conv_350,8.0,8.0,8.0,10.0,8.0,8.0,8.0,8.0,8.0,8.0,10.0,8.0,8.0,8.0,8.0,8.0,8.0,8.0,8.0,8.0,8.0,8.0,8.0,10.0,8.0,8.0,10.0,8.0,8.0,10.0
conv_351,7.0,8.0,8.0,8.0,8.0,7.0,7.0,3.0,8.0,8.0,10.0,8.0,5.0,8.0,8.0,8.0,5.0,6.0,3.0,7.0,7.0,6.0,8.0,7.0,7.0,7.0,7.0,7.0,8.0,7.0
conv_352,7.0,8.0,7.0,7.0,7.0,7.0,8.0,8.0,7.0,7.0,8.0,7.0,8.0,8.0,7.0,8.0,7.0,8.0,8.0,8.0,7.0,8.0,6.0,7.0,6.0,4.0,8.0,8.0,8.0,5.0
conv_353,8.0,7.0,7.0,8.0,8.0,8.0,8.0,7.0,4.0,8.0,8.0,7.0,8.0,7.0,7.0,7.0,8.0,7.0,8.0,7.0,7.0,4.0,7.0,7.0,8.0,7.0,8.0,4.0,8.0,7.0
conv_354,6.0,8.0,8.0,8.0,8.0,8.0,8.0,8.0,8.0,8.0,8.0,8.0,8.0,8.0,8.0,8.0,8.0,8.0,8.0,8.0,8.0,7.0,8.0,8.0,8.0,8.0,8.0,8.0,8.0,9.0
conv_355,6.0,8.0,8.0,8.0,8.0,8.0,10.0,8.0,8.0,8.0,8.0,8.0,8.0,8.0,8.0,8.0,8.0,8.0,8.0,8.0,10.0,8.0,7.0,8.0,10.0,8.0,8.0,8.0,8.0,8.0
conv_356,7.0,8.0,8.0,8.0,8.0,8.0,7.0,7.0,7.0,8.0,8.0,8.0,3.0,7.0,8.0,8.0,8.0,8.0,8.0,8.0,4.0,8.0,8.0,7.0,7.0,4.0,8.0,6.0,8.0,8.0
conv_357,4.0,8.0,7.0,5.0,8.0,7.0,8.0,8.0,7.0,8.0,7.0,8.0,7.0,10.0,7.0,7.0,8.0,8.0,8.0,8.0,8.0,8.0,7.0,5.0,7.0,8.0,8.0,7.0,8.0,8.0
conv_358,8.0,8.0,5.0,8.0,8.0,8.0,8.0,7.0,10.0,8.0,5.0,8.0,8.0,8.0,8.0,8.0,7.0,6.0,8.0,8.0,8.0,8.0,8.0,7.0,8.0,8.0,7.0,8.0,8.0,8.0
conv_359,8.0,8.0,8.0,8.0,5.0,8.0,7.0,8.0,8.0,7.0,5.0,7.0,7.0,6.0,7.0,6.0,7.0,7.0,8.0,8.0,8.0,7.0,8.0,7.0,8.0,7.0,8.0,7.0,7.0,8.0
conv_360,8.0,8.0,8.0,7.0,8.0,8.0,8.0,7.0,8.0,8.0,8.0,7.0,8.0,8.0,8.0,10.0,8.0,6.0,8.0,8.0,9.0,8.0,8.0,8.0,8.0,8.0,8.0,8.0,10.0,10.0
conv_361,7.0,8.0,8.0,8.0,8.0,2.0,7.0,8.0,8.0,8.0,8.0,8.0,8.0,8.0,8.0,8.0,6.0,7.0,6.0,8.0,8.0,7.0,4.0,7.0,8.0,8.0,8.0,8.0,7.0,8.0
conv_362,8.0,8.0,7.0,8.0,8.0,8.0,8.0,8.0,8.0,7.0,8.0,3.0,8.0,8.0,8.0,8.0,8.0,7.0,6.0,8.0,8.0,7.0,8.0,7.0,4.0,6.0,8.0,8.0,8.0,8.0
conv_363,6.0,8.0,8.0,8.0,8.0,7.0,8.0,4.0,8.0,8.0,8.0,8.0,8.0,8.0,8.0,8.0,8.0,10.0,10.0,8.0,8.0,8.0,8.0,8.0,8.0,8.0,9.0,8.0,8.0,9.0
conv_364,7.0,7.0,6.0,8.0,5.0,8.0,8.0,8.0,8.0,8.0,8.0,8.0,8.0,8.0,8.0,8.0,7.0,4.0,4.0,8.0,8.0,7.0,7.0,8.0,8.0,7.0,6.0,7.0,6.0,8.0
conv_365,2.0,4.0,8.0,7.0,8.0,5.0,6.0,7.0,7.0,7.0,8.0,8.0,8.0,8.0,8.0,8.0,8.0,8.0,9.0,10.0,8.0,8.0,8.0,8.0,8.0,8.0,7.0,8.0,8.0,8.0
conv_366,7.0,8.0,7.0,8.0,7.0,7.0,8.0,5.0,2.0,7.0,8.0,7.0,8.0,5.0,7.0,7.0,6.0,7.0,8.0,7.0,7.0,8.0,7.0,7.0,8.0,6.0,3.0,7.0,2.0,8.0
conv_367,7.0,8.0,8.0,8.0,8.0,7.0,10.0,8.0,8.0,8.0,8.0,8.0,8.0,8.0,8.0,8.0,8.0,8.0,8.0,8.0,7.0,8.0,8.0,8.0,7.0,8.0,8.0,8.0,8.0,8.0
conv_368,2.0,6.0,8.0,8.0,8.0,8.0,8.0,8.0,8.0,8.0,8.0,8.0,8.0,8.0,8.0,8.0,8.0,8.0,7.0,8.0,8.0,8.0,8.0,10.0,8.0,8.0,8.0,8.0,8.0,8.0
conv_369,6.0,8.0,8.0,8.0,8.0,7.0,8.0,8.0,8.0,7.0,8.0,8.0,8.0,7.0,7.0,7.0,6.0,8.0,4.0,8.0,7.0,7.0,7.0,8.0,7.0,8.0,8.0,7.0,7.0,8.0
conv_370,8.0,8.0,8.0,4.0,10.0,8.0,8.0,8.0,8.0,8.0,8.0,8.0,2.0,8.0,7.0,8.0,10.0,5.0,8.0,8.0,8.0,8.0,8.0,8.0,8.0,8.0,8.0,8.0,8.0,8.0
conv_371,8.0,8.0,8.0,8.0,8.0,8.0,8.0,8.0,8.0,8.0,8.0,8.0,8.0,8.0,8.0,8.0,8.0,8.0,8.0,10.0,8.0,8.0,8.0,8.0,8.0,7.0,8.0,7.0,8.0,8.0
conv_372,8.0,7.0,8.0,8.0,8.0,7.0,8.0,7.0,8.0,8.0,7.0,8.0,7.0,6.0,8.0,8.0,7.0,8.0,8.0,7.0,8.0,7.0,6.0,6.0,7.0,8.0,7.0,8.0,7.0,7.0
conv_373,8.0,8.0,5.0,8.0,8.0,8.0,8.0,8.0,8.0,8.0,8.0,8.0,6.0,8.0,8.0,8.0,8.0,6.0,8.0,8.0,8.0,7.0,8.0,8.0,8.0,8.0,8.0,8.0,6.0,8.0
conv_374,8.0,8.0,8.0,8.0,8.0,8.0,8.0,2.0,8.0,7.0,8.0,8.0,8.0,8.0,8.0,8.0,8.0,8.0,8.0,7.0,4.0,8.0,8.0,8.0,8.0,8.0,8.0,8.0,7.0,8.0
conv_375,7.0,8.0,8.0,7.0,8.0,8.0,7.0,8.0,8.0,8.0,7.0,7.0,8.0,9.0,8.0,8.0,8.0,8.0,7.0,8.0,7.0,6.0,8.0,8.0,7.0,3.0,7.0,8.0,7.0,7.0
conv_376,8.0,8.0,8.0,8.0,8.0,8.0,10.0,8.0,8.0,10.0,8.0,8.0,7.0,8.0,9.0,8.0,8.0,8.0,8.0,8.0,8.0,8.0,8.0,8.0,8.0,8.0,8.0,8.0,8.0,8.0
conv_377,8.0,8.0,8.0,8.0,8.0,8.0,8.0,8.0,8.0,4.0,8.0,8.0,8.0,8.0,8.0,8.0,8.0,8.0,8.0,8.0,8.0,8.0,8.0,7.0,3.0,8.0,8.0,8.0,4.0,7.0
conv_378,7.0,8.0,8.0,8.0,7.0,8.0,4.0,7.0,8.0,8.0,8.0,8.0,10.0,8.0,8.0,7.0,5.0,7.0,8.0,8.0,8.0,7.0,8.0,8.0,8.0,8.0,8.0,7.0,8.0,8.0
conv_379,7.0,8.0,3.0,10.0,8.0,8.0,8.0,8.0,8.0,8.0,2.0,7.0,7.0,8.0,6.0,8.0,8.0,8.0,8.0,7.0,8.0,8.0,8.0,2.0,6.0,4.0,8.0,2.0,7.0,8.0
conv_380,7.0,8.0,9.0,8.0,8.0,8.0,8.0,7.0,8.0,8.0,8.0,8.0,8.0,10.0,8.0,8.0,8.0,8.0,10.0,8.0,10.0,8.0,8.0,8.0,9.0,10.0,10.0,8.0,8.0,8.0
conv_381,7.0,7.0,7.0,10.0,10.0,10.0,7.0,9.0,7.0,7.0,8.0,8.0,6.0,8.0,10.0,8.0,8.0,8.0,10.0,10.0,8.0,8.0,8.0,8.0,8.0,8.0,8.0,8.0,8.0,8.0
conv_382,7.0,8.0,8.0,8.0,10.0,8.0,7.0,8.0,8.0,8.0,8.0,8.0,8.0,7.0,8.0,8.0,8.0,8.0,8.0,8.0,8.0,8.0,8.0,7.0,8.0,10.0,7.0,8.0,8.0,10.0
conv_383,3.0,7.0,8.0,7.0,8.0,8.0,8.0,4.0,8.0,8.0,10.0,8.0,5.0,3.0,7.0,4.0,8.0,6.0,8.0,8.0,7.0,9.0,4.0,6.0,8.0,7.0,10.0,8.0,8.0,8.0
conv_384,7.0,8.0,7.0,8.0,3.0,8.0,8.0,8.0,8.0,8.0,8.0,8.0,8.0,8.0,8.0,8.0,8.0,6.0,8.0,8.0,8.0,8.0,8.0,8.0,7.0,8.0,8.0,2.0,8.0,4.0
conv_385,8.0,7.0,8.0,8.0,8.0,8.0,8.0,10.0,7.0,8.0,8.0,8.0,8.0,8.0,8.0,8.0,8.0,8.0,7.0,3.0,8.0,10.0,8.0,8.0,8.0,8.0,8.0,8.0,8.0,8.0
conv_386,7.0,10.0,8.0,8.0,8.0,8.0,8.0,7.0,7.0,7.0,8.0,8.0,8.0,10.0,9.0,10.0,8.0,8.0,8.0,8.0,8.0,8.0,9.0,8.0,10.0,8.0,8.0,10.0,8.0,8.0
conv_387,7.0,7.0,8.0,8.0,8.0,8.0,8.0,8.0,8.0,7.0,5.0,8.0,8.0,7.0,8.0,7.0,8.0,7.0,8.0,8.0,7.0,8.0,8.0,5.0,8.0,6.0,8.0,7.0,8.0,4.0
conv_388,3.0,8.0,8.0,8.0,6.0,8.0,8.0,5.0,8.0,8.0,8.0,8.0,8.0,8.0,8.0,8.0,7.0,10.0,8.0,8.0,8.0,8.0,9.0,7.0,6.0,8.0,8.0,8.0,8.0,8.0
conv_389,2.0,8.0,8.0,8.0,8.0,8.0,8.0,10.0,8.0,8.0,8.0,3.0,8.0,8.0,8.0,8.0,8.0,8.0,9.0,8.0,8.0,8.0,8.0,8.0,3.0,8.0,8.0,8.0,7.0,7.0
conv_390,10.0,8.0,4.0,8.0,8.0,7.0,8.0,8.0,8.0,8.0,10.0,8.0,10.0,8.0,8.0,8.0,8.0,8.0,10.0,8.0,8.0,8.0,8.0,8.0,4.0,8.0,8.0,8.0,8.0,8.0
conv_391,7.0,8.0,8.0,2.0,8.0,5.0,8.0,8.0,8.0,8.0,10.0,8.0,9.0,8.0,8.0,8.0,8.0,8.0,8.0,7.0,8.0,8.0,6.0,10.0,8.0,8.0,8.0,8.0,8.0,8.0
conv_392,8.0,7.0,7.0,8.0,8.0,8.0,7.0,8.0,10.0,7.0,8.0,8.0,8.0,8.0,6.0,7.0,8.0,8.0,8.0,8.0,8.0,8.0,8.0,7.0,8.0,8.0,7.0,5.0,8.0,8.0
conv_393,7.0,8.0,8.0,9.0,8.0,9.0,8.0,8.0,8.0,8.0,8.0,8.0,8.0,8.0,8.0,7.0,9.0,7.0,8.0,8.0,8.0,8.0,7.0,7.0,9.0,7.0,8.0,8.0,8.0,8.0
conv_394,7.0,8.0,8.0,8.0,8.0,8.0,8.0,10.0,8.0,8.0,8.0,8.0,8.0,8.0,4.0,8.0,8.0,8.0,8.0,7.0,6.0,8.0,8.0,8.0,8.0,8.0,8.0,8.0,8.0,8.0
conv_395,7.0,8.0,7.0,7.0,8.0,8.0,8.0,10.0,7.0,8.0,7.0,8.0,8.0,8.0,8.0,8.0,8.0,8.0,8.0,7.0,8.0,8.0,8.0,8.0,7.0,10.0,8.0,8.0,9.0,8.0
conv_396,8.0,7.0,8.0,8.0,7.0,8.0,6.0,8.0,8.0,8.0,9.0,8.0,7.0,8.0,8.0,9.0,8.0,8.0,8.0,7.0,4.0,8.0,8.0,8.0,8.0,10.0,7.0,9.0,8.0,8.0
conv_397,7.0,8.0,7.0,7.0,7.0,8.0,7.0,6.0,7.0,9.0,8.0,7.0,7.0,8.0,7.0,5.0,9.0,8.0,8.0,7.0,6.0,7.0,8.0,8.0,7.0,8.0,8.0,7.0,8.0,7.0
conv_398,7.0,8.0,8.0,7.0,8.0,2.0,3.0,8.0,8.0,8.0,8.0,7.0,4.0,7.0,8.0,8.0,5.0,7.0,8.0,8.0,7.0,7.0,7.0,8.0,8.0,7.0,7.0,8.0,8.0,4.0
conv_399,7.0,8.0,6.0,8.0,9.0,7.0,8.0,8.0,8.0,8.0,6.0,7.0,8.0,8.0,8.0,9.0,7.0,7.0,8.0,8.0,8.0,8.0,6.0,8.0,6.0,8.0,7.0,7.0,8.0,8.0
conv_400,8.0,8.0,8.0,7.0,8.0,8.0,7.0,3.0,8.0,8.0,8.0,7.0,8.0,8.0,7.0,8.0,7.0,8.0,8.0,8.0,8.0,10.0,8.0,7.0,7.0,8.0,8.0,8.0,8.0,3.0
conv_401,4.0,8.0,8.0,7.0,7.0,8.0,8.0,8.0,8.0,8.0,8.0,8.0,8.0,10.0,8.0,8.0,8.0,8.0,8.0,8.0,8.0,8.0,8.0,8.0,9.0,8.0,8.0,8.0,8.0,8.0
conv_402,3.0,8.0,8.0,8.0,8.0,8.0,3.0,8.0,8.0,8.0,8.0,8.0,9.0,8.0,8.0,8.0,8.0,7.0,8.0,8.0,8.0,8.0,8.0,8.0,8.0,3.0,8.0,7.0,8.0,7.0
conv_403,6.0,6.0,8.0,7.0,2.0,8.0,6.0,5.0,8.0,7.0,8.0,7.0,7.0,8.0,7.0,2.0,7.0,7.0,8.0,3.0,7.0,6.0,2.0,8.0,6.0,7.0,8.0,7.0,6.0,7.0
conv_404,8.0,8.0,8.0,8.0,8.0,8.0,8.0,7.0,10.0,10.0,8.0,8.0,7.0,8.0,7.0,8.0,8.0,8.0,8.0,8.0,8.0,8.0,10.0,8.0,8.0,8.0,8.0,8.0,8.0,8.0
conv_405,3.0,8.0,8.0,7.0,7.0,8.0,8.0,3.0,7.0,8.0,8.0,2.0,8.0,6.0,7.0,8.0,7.0,8.0,8.0,8.0,8.0,8.0,8.0,8.0,8.0,8.0,8.0,4.0,6.0,8.0
conv_406,2.0,8.0,8.0,8.0,8.0,8.0,8.0,8.0,8.0,8.0,8.0,3.0,8.0,10.0,8.0,8.0,8.0,8.0,8.0,8.0,8.0,9.0,8.0,3.0,8.0,8.0,8.0,8.0,8.0,8.0
conv_407,3.0,10.0,8.0,8.0,8.0,9.0,7.0,7.0,8.0,8.0,8.0,8.0,8.0,4.0,10.0,7.0,8.0,8.0,7.0,8.0,8.0,8.0,8.0,10.0,8.0,8.0,10.0,8.0,8.0,8.0
conv_408,7.0,8.0,9.0,7.0,6.0,10.0,8.0,8.0,8.0,6.0,8.0,8.0,7.0,8.0,8.0,8.0,9.0,8.0,8.0,8.0,7.0,8.0,4.0,7.0,8.0,6.0,8.0,8.0,7.0,8.0
conv_409,8.0,8.0,10.0,8.0,8.0,7.0,8.0,8.0,8.0,10.0,8.0,8.0,8.0,7.0,8.0,10.0,8.0,9.0,8.0,8.0,8.0,8.0,8.0,8.0,7.0,8.0,9.0,8.0,7.0,8.0
conv_410,7.0,8.0,8.0,9.0,8.0,7.0,7.0,8.0,7.0,9.0,8.0,7.0,8.0,8.0,7.0,8.0,4.0,8.0,8.0,8.0,6.0,7.0,7.0,8.0,7.0,8.0,7.0,7.0,8.0,8.0
conv_411,8.0,6.0,2.0,8.0,8.0,7.0,4.0,8.0,8.0,7.0,8.0,8.0,7.0,8.0,8.0,7.0,8.0,8.0,8.0,8.0,8.0,8.0,7.0,8.0,7.0,5.0,7.0,8.0,5.0,8.0
conv_412,5.0,8.0,8.0,6.0,10.0,8.0,8.0,8.0,8.0,8.0,8.0,8.0,8.0,8.0,8.0,8.0,8.0,8.0,8.0,8.0,8.0,8.0,8.0,5.0,8.0,8.0,8.0,8.0,8.0,8.0
conv_413,8.0,8.0,8.0,8.0,8.0,8.0,8.0,8.0,7.0,7.0,8.0,8.0,8.0,8.0,8.0,8.0,9.0,10.0,8.0,7.0,7.0,7.0,8.0,8.0,8.0,7.0,7.0,8.0,10.0,8.0
conv_414,6.0,8.0,8.0,8.0,8.0,8.0,7.0,8.0,8.0,8.0,8.0,8.0,7.0,3.0,8.0,8.0,8.0,8.0,8.0,8.0,8.0,8.0,8.0,8.0,8.0,10.0,10.0,8.0,10.0,8.0
conv_415,8.0,8.0,8.0,10.0,8.0,8.0,8.0,8.0,8.0,8.0,8.0,8.0,8.0,8.0,8.0,6.0,8.0,8.0,8.0,8.0,8.0,8.0,8.0,9.0,8.0,8.0,8.0,8.0,8.0,8.0
conv_416,8.0,8.0,8.0,8.0,8.0,7.0,8.0,3.0,8.0,7.0,10.0,8.0,8.0,6.0,8.0,8.0,8.0,4.0,8.0,8.0,8.0,2.0,7.0,8.0,10.0,8.0,8.0,8.0,4.0,8.0
conv_417,8.0,8.0,10.0,8.0,10.0,9.0,8.0,9.0,9.0,7.0,8.0,8.0,7.0,8.0,8.0,10.0,10.0,8.0,8.0,8.0,8.0,8.0,8.0,8.0,8.0,8.0,8.0,8.0,8.0,10.0
conv_418,8.0,8.0,8.0,8.0,8.0,8.0,6.0,8.0,7.0,6.0,7.0,8.0,7.0,8.0,8.0,8.0,8.0,8.0,8.0,7.0,7.0,5.0,7.0,7.0,7.0,8.0,8.0,6.0,6.0,7.0
conv_419,8.0,4.0,3.0,8.0,8.0,8.0,7.0,7.0,8.0,7.0,6.0,8.0,3.0,6.0,7.0,8.0,3.0,8.0,6.0,7.0,5.0,7.0,8.0,4.0,7.0,8.0,8.0,7.0,8.0,7.0
conv_420,8.0,8.0,7.0,8.0,8.0,8.0,8.0,8.0,8.0,8.0,8.0,8.0,4.0,8.0,8.0,8.0,8.0,8.0,10.0,8.0,8.0,8.0,8.0,8.0,8.0,8.0,8.0,8.0,8.0,8.0
conv_421,6.0,7.0,10.0,7.0,8.0,6.0,8.0,8.0,8.0,8.0,8.0,8.0,9.0,8.0,8.0,8.0,8.0,8.0,8.0,8.0,8.0,8.0,8.0,8.0,8.0,8.0,8.0,7.0,8.0,8.0
conv_422,8.0,8.0,8.0,6.0,2.0,8.0,6.0,9.0,8.0,8.0,8.0,8.0,8.0,8.0,8.0,8.0,2.0,8.0,8.0,8.0,8.0,8.0,7.0,8.0,8.0,8.0,8.0,8.0,8.0,8.0
conv_423,9.0,8.0,8.0,8.0,6.0,8.0,8.0,7.0,8.0,10.0,7.0,8.0,8.0,8.0,8.0,10.0,8.0,6.0,8.0,8.0,8.0,7.0,4.0,8.0,7.0,8.0,7.0,10.0,8.0,8.0
conv_424,6.0,7.0,8.0,7.0,8.0,8.0,7.0,7.0,5.0,8.0,7.0,8.0,7.0,8.0,7.0,8.0,7.0,8.0,7.0,8.0,6.0,7.0,7.0,8.0,8.0,8.0,8.0,6.0,7.0,2.0
conv_425,6.0,7.0,8.0,8.0,8.0,8.0,8.0,8.0,8.0,10.0,10.0,8.0,10.0,8.0,8.0,8.0,8.0,8.0,8.0,8.0,8.0,8.0,8.0,8.0,8.0,8.0,10.0,8.0,8.0,8.0
conv_426,8.0,8.0,8.0,8.0,8.0,8.0,8.0,6.0,4.0,8.0,8.0,10.0,7.0,8.0,10.0,8.0,8.0,8.0,7.0,8.0,7.0,7.0,8.0,7.0,8.0,9.0,8.0,10.0,8.0,8.0
conv_427,8.0,7.0,8.0,7.0,8.0,8.0,8.0,8.0,8.0,7.0,8.0,9.0,7.0,6.0,6.0,4.0,8.0,8.0,8.0,6.0,8.0,8.0,5.0,8.0,6.0,8.0,8.0,7.0,8.0,7.0
conv_428,6.0,6.0,5.0,8.0,7.0,8.0,5.0,7.0,8.0,8.0,8.0,8.0,8.0,6.0,8.0,8.0,8.0,8.0,8.0,3.0,2.0,8.0,8.0,8.0,7.0,7.0,8.0,8.0,7.0,8.0
conv_429,8.0,8.0,8.0,8.0,7.0,8.0,7.0,10.0,7.0,8.0,8.0,8.0,7.0,7.0,8.0,6.0,3.0,8.0,8.0,8.0,7.0,8.0,6.0,8.0,7.0,10.0,8.0,8.0,7.0,8.0
conv_430,8.0,8.0,6.0,8.0,8.0,8.0,8.0,7.0,7.0,8.0,10.0,4.0,7.0,6.0,7.0,8.0,8.0,8.0,6.0,8.0,7.0,8.0,7.0,8.0,8.0,8.0,7.0,8.0,8.0,9.0
conv_431,8.0,7.0,7.0,8.0,8.0,7.0,8.0,8.0,8.0,8.0,8.0,8.0,7.0,8.0,8.0,8.0,8.0,7.0,6.0,8.0,8.0,7.0,8.0,8.0,8.0,8.0,8.0,8.0,8.0,7.0
conv_432,8.0,8.0,7.0,7.0,8.0,8.0,7.0,7.0,8.0,8.0,7.0,4.0,8.0,8.0,7.0,8.0,8.0,7.0,6.0,6.0,8.0,6.0,8.0,7.0,7.0,7.0,8.0,5.0,7.0,6.0
conv_433,7.0,8.0,6.0,7.0,8.0,8.0,7.0,7.0,7.0,6.0,8.0,8.0,8.0,7.0,8.0,7.0,8.0,8.0,6.0,7.0,7.0,8.0,8.0,4.0,3.0,8.0,7.0,8.0,7.0,8.0
conv_434,8.0,8.0,8.0,8.0,8.0,8.0,8.0,8.0,8.0,10.0,8.0,10.0,8.0,8.0,10.0,10.0,8.0,8.0,8.0,8.0,10.0,8.0,8.0,8.0,10.0,10.0,8.0,8.0,8.0,8.0
conv_435,8.0,7.0,8.0,8.0,10.0,8.0,7.0,9.0,8.0,8.0,7.0,8.0,8.0,7.0,8.0,10.0,8.0,8.0,8.0,7.0,8.0,8.0,10.0,8.0,10.0,8.0,8.0,8.0,8.0,8.0
conv_436,6.0,7.0,8.0,8.0,7.0,8.0,7.0,8.0,8.0,7.0,8.0,8.0,8.0,8.0,8.0,8.0,7.0,8.0,8.0,8.0,7.0,7.0,10.0,8.0,8.0,8.0,4.0,7.0,8.0,2.0
conv_437,8.0,8.0,8.0,8.0,8.0,8.0,8.0,8.0,7.0,8.0,8.0,7.0,8.0,8.0,8.0,8.0,8.0,8.0,8.0,9.0,8.0,8.0,7.0,8.0,10.0,8.0,8.0,8.0,10.0,8.0
conv_438,8.0,8.0,8.0,8.0,8.0,7.0,7.0,8.0,8.0,3.0,8.0,8.0,6.0,7.0,8.0,8.0,8.0,8.0,8.0,8.0,7.0,8.0,8.0,8.0,7.0,7.0,6.0,6.0,7.0,7.0
conv_439,8.0,8.0,8.0,8.0,8.0,8.0,8.0,8.0,7.0,8.0,8.0,8.0,6.0,10.0,7.0,7.0,8.0,7.0,8.0,8.0,8.0,6.0,10.0,8.0,8.0,9.0,9.0,7.0,7.0,5.0
conv_440,7.0,8.0,8.0,8.0,8.0,8.0,8.0,8.0,8.0,7.0,8.0,8.0,7.0,7.0,8.0,8.0,8.0,8.0,8.0,8.0,8.0,7.0,8.0,6.0,8.0,8.0,7.0,8.0,7.0,8.0
conv_441,7.0,8.0,8.0,7.0,8.0,6.0,8.0,7.0,8.0,8.0,8.0,8.0,8.0,8.0,8.0,8.0,7.0,10.0,8.0,8.0,9.0,8.0,8.0,8.0,8.0,8.0,8.0,8.0,8.0,8.0
conv_442,7.0,10.0,7.0,8.0,8.0,8.0,8.0,8.0,8.0,8.0,9.0,8.0,8.0,8.0,7.0,8.0,8.0,8.0,8.0,8.0,8.0,8.0,10.0,8.0,8.0,10.0,8.0,8.0,8.0,8.0
conv_443,8.0,8.0,7.0,8.0,7.0,8.0,8.0,8.0,7.0,8.0,4.0,8.0,6.0,8.0,7.0,8.0,4.0,5.0,8.0,6.0,8.0,8.0,8.0,7.0,4.0,8.0,8.0,8.0,7.0,6.0
conv_444,2.0,8.0,8.0,8.0,8.0,8.0,10.0,8.0,8.0,8.0,8.0,8.0,8.0,8.0,10.0,8.0,10.0,8.0,10.0,8.0,8.0,8.0,10.0,8.0,10.0,8.0,8.0,8.0,8.0,8.0
conv_445,7.0,8.0,8.0,5.0,8.0,4.0,8.0,8.0,7.0,8.0,8.0,8.0,8.0,7.0,8.0,8.0,6.0,7.0,7.0,6.0,8.0,8.0,7.0,4.0,8.0,8.0,8.0,8.0,7.0,7.0
conv_446,7.0,8.0,8.0,8.0,10.0,7.0,8.0,8.0,7.0,8.0,7.0,8.0,6.0,8.0,8.0,8.0,2.0,7.0,8.0,5.0,8.0,7.0,8.0,8.0,8.0,4.0,8.0,8.0,8.0,7.0
conv_447,7.0,8.0,8.0,8.0,7.0,8.0,8.0,8.0,8.0,8.0,8.0,8.0,8.0,8.0,10.0,8.0,4.0,8.0,8.0,8.0,8.0,8.0,8.0,8.0,8.0,8.0,8.0,8.0,7.0,8.0
conv_448,7.0,8.0,8.0,8.0,8.0,8.0,8.0,8.0,8.0,8.0,8.0,8.0,8.0,8.0,7.0,8.0,8.0,7.0,7.0,8.0,8.0,8.0,8.0,8.0,8.0,8.0,8.0,8.0,8.0,8.0
conv_449,8.0,8.0,8.0,8.0,8.0,8.0,7.0,8.0,8.0,8.0,8.0,8.0,8.0,8.0,8.0,8.0,8.0,8.0,10.0,8.0,8.0,8.0,10.0,8.0,8.0,8.0,7.0,8.0,8.0,8.0
conv_450,4.0,8.0,8.0,8.0,7.0,7.0,4.0,8.0,8.0,7.0,4.0,7.0,8.0,6.0,3.0,3.0,7.0,8.0,8.0,8.0,7.0,7.0,6.0,8.0,8.0,2.0,3.0,8.0,8.0,7.0
conv_451,8.0,10.0,8.0,8.0,8.0,8.0,8.0,8.0,8.0,8.0,7.0,8.0,8.0,8.0,8.0,8.0,8.0,8.0,8.0,8.0,8.0,8.0,8.0,8.0,8.0,8.0,10.0,8.0,8.0,8.0
conv_452,8.0,9.0,7.0,6.0,8.0,8.0,8.0,8.0,8.0,8.0,8.0,8.0,6.0,7.0,8.0,8.0,8.0,8.0,8.0,7.0,8.0,5.0,8.0,8.0,8.0,9.0,8.0,8.0,4.0,8.0
conv_453,7.0,4.0,8.0,7.0,8.0,8.0,4.0,7.0,8.0,6.0,8.0,8.0,6.0,8.0,7.0,8.0,8.0,8.0,8.0,8.0,8.0,8.0,7.0,4.0,5.0,8.0,3.0,8.0,8.0,4.0
conv_454,8.0,8.0,8.0,8.0,8.0,8.0,8.0,9.0,8.0,8.0,3.0,8.0,10.0,8.0,8.0,8.0,7.0,8.0,8.0,8.0,8.0,8.0,7.0,7.0,8.0,8.0,8.0,8.0,8.0,8.0
conv_455,7.0,8.0,8.0,4.0,7.0,7.0,8.0,8.0,8.0,7.0,8.0,7.0,8.0,7.0,7.0,8.0,7.0,8.0,8.0,8.0,8.0,8.0,4.0,4.0,8.0,8.0,7.0,8.0,7.0,8.0
conv_456,8.0,8.0,4.0,10.0,8.0,8.0,10.0,8.0,10.0,8.0,8.0,8.0,6.0,8.0,8.0,5.0,8.0,8.0,6.0,7.0,8.0,8.0,8.0,9.0,8.0,8.0,8.0,8.0,8.0,8.0
conv_457,7.0,8.0,8.0,10.0,8.0,7.0,5.0,8.0,8.0,8.0,8.0,8.0,8.0,7.0,8.0,8.0,7.0,8.0,8.0,8.0,8.0,8.0,8.0,8.0,6.0,8.0,7.0,8.0,8.0,8.0
conv_458,7.0,8.0,8.0,8.0,8.0,8.0,8.0,7.0,8.0,8.0,8.0,10.0,8.0,8.0,8.0,8.0,8.0,7.0,8.0,8.0,8.0,8.0,8.0,8.0,8.0,8.0,8.0,8.0,8.0,7.0
conv_459,7.0,8.0,8.0,8.0,8.0,7.0,8.0,7.0,8.0,8.0,6.0,8.0,8.0,8.0,8.0,8.0,8.0,7.0,7.0,7.0,8.0,8.0,3.0,8.0,8.0,9.0,8.0,7.0,8.0,8.0
conv_460,5.0,8.0,8.0,8.0,7.0,8.0,7.0,5.0,8.0,8.0,8.0,7.0,8.0,8.0,8.0,8.0,8.0,7.0,9.0,10.0,7.0,8.0,8.0,7.0,8.0,7.0,7.0,8.0,6.0,7.0
conv_461,2.0,8.0,8.0,8.0,8.0,8.0,8.0,7.0,8.0,8.0,8.0,7.0,8.0,7.0,7.0,8.0,4.0,7.0,8.0,8.0,7.0,8.0,8.0,8.0,3.0,8.0,8.0,8.0,8.0,8.0
conv_462,8.0,8.0,8.0,8.0,8.0,8.0,8.0,8.0,8.0,8.0,10.0,8.0,8.0,8.0,7.0,8.0,8.0,8.0,8.0,8.0,7.0,8.0,8.0,8.0,8.0,8.0,8.0,8.0,6.0,8.0
conv_463,7.0,8.0,7.0,8.0,8.0,8.0,7.0,8.0,7.0,8.0,5.0,5.0,8.0,8.0,7.0,5.0,8.0,7.0,7.0,7.0,7.0,8.0,8.0,2.0,6.0,9.0,6.0,8.0,8.0,7.0
conv_464,8.0,8.0,7.0,8.0,8.0,8.0,8.0,8.0,8.0,10.0,8.0,8.0,10.0,8.0,8.0,6.0,8.0,8.0,10.0,8.0,7.0,8.0,9.0,9.0,8.0,8.0,8.0,7.0,8.0,10.0
conv_465,6.0,6.0,8.0,6.0,7.0,8.0,6.0,7.0,6.0,4.0,6.0,8.0,8.0,8.0,8.0,2.0,7.0,8.0,7.0,8.0,8.0,8.0,6.0,2.0,10.0,8.0,8.0,8.0,8.0,8.0
conv_466,7.0,8.0,8.0,6.0,8.0,8.0,8.0,7.0,8.0,8.0,8.0,8.0,8.0,7.0,8.0,8.0,8.0,8.0,2.0,8.0,8.0,8.0,7.0,8.0,10.0,8.0,8.0,8.0,8.0,8.0
conv_467,8.0,8.0,9.0,8.0,8.0,8.0,8.0,5.0,8.0,8.0,7.0,7.0,10.0,8.0,10.0,8.0,7.0,8.0,10.0,7.0,8.0,7.0,8.0,8.0,6.0,7.0,7.0,8.0,8.0,7.0
conv_468,7.0,8.0,8.0,8.0,8.0,8.0,8.0,5.0,8.0,8.0,8.0,7.0,7.0,8.0,7.0,7.0,6.0,7.0,7.0,8.0,8.0,7.0,7.0,8.0,8.0,5.0,8.0,8.0,7.0,8.0
conv_469,8.0,8.0,8.0,6.0,7.0,7.0,8.0,8.0,7.0,8.0,8.0,8.0,8.0,8.0,8.0,8.0,8.0,8.0,8.0,9.0,7.0,8.0,8.0,8.0,8.0,8.0,10.0,8.0,9.0,8.0
conv_470,8.0,9.0,8.0,8.0,8.0,8.0,8.0,8.0,8.0,8.0,9.0,9.0,8.0,7.0,8.0,8.0,8.0,8.0,10.0,8.0,8.0,7.0,7.0,8.0,8.0,8.0,8.0,8.0,8.0,8.0
conv_471,7.0,6.0,8.0,7.0,8.0,7.0,8.0,7.0,8.0,7.0,8.0,8.0,8.0,7.0,8.0,7.0,8.0,8.0,8.0,8.0,8.0,7.0,8.0,5.0,8.0,4.0,8.0,7.0,7.0,7.0
conv_472,6.0,8.0,8.0,8.0,8.0,4.0,8.0,10.0,8.0,10.0,8.0,10.0,8.0,8.0,8.0,8.0,8.0,8.0,8.0,10.0,8.0,8.0,8.0,8.0,8.0,10.0,8.0,8.0,8.0,10.0
conv_473,7.0,7.0,7.0,7.0,7.0,7.0,7.0,7.0,8.0,7.0,2.0,6.0,8.0,7.0,8.0,7.0,8.0,8.0,8.0,7.0,8.0,8.0,3.0,8.0,7.0,2.0,8.0,7.0,4.0,7.0
conv_474,8.0,7.0,8.0,8.0,8.0,8.0,8.0,8.0,8.0,7.0,7.0,8.0,8.0,7.0,4.0,7.0,7.0,7.0,7.0,8.0,8.0,8.0,3.0,8.0,8.0,7.0,8.0,9.0,8.0,7.0
conv_475,2.0,8.0,5.0,8.0,8.0,8.0,4.0,8.0,8.0,3.0,8.0,8.0,8.0,8.0,8.0,8.0,8.0,8.0,8.0,8.0,8.0,8.0,8.0,8.0,8.0,8.0,8.0,8.0,8.0,8.0
conv_476,7.0,10.0,8.0,8.0,8.0,8.0,8.0,8.0,7.0,7.0,8.0,8.0,8.0,8.0,8.0,8.0,8.0,8.0,8.0,8.0,7.0,8.0,8.0,8.0,8.0,8.0,4.0,8.0,8.0,8.0
conv_477,8.0,9.0,7.0,8.0,10.0,7.0,7.0,4.0,9.0,8.0,8.0,9.0,7.0,10.0,2.0,8.0,7.0,7.0,7.0,8.0,7.0,7.0,8.0,4.0,8.0,8.0,8.0,8.0,9.0,10.0
conv_478,6.0,8.0,8.0,7.0,4.0,8.0,8.0,8.0,7.0,8.0,8.0,10.0,8.0,8.0,8.0,8.0,8.0,4.0,8.0,8.0,8.0,8.0,8.0,8.0,8.0,8.0,8.0,8.0,8.0,8.0
conv_479,7.0,8.0,8.0,8.0,8.0,8.0,8.0,6.0,10.0,4.0,8.0,10.0,8.0,8.0,8.0,8.0,8.0,8.0,8.0,8.0,7.0,8.0,10.0,8.0,8.0,8.0,8.0,8.0,8.0,8.0
conv_480,8.0,8.0,6.0,8.0,8.0,8.0,8.0,8.0,8.0,8.0,7.0,7.0,10.0,8.0,8.0,8.0,8.0,10.0,8.0,8.0,8.0,10.0,8.0,8.0,8.0,8.0,8.0,8.0,8.0,8.0
conv_481,8.0,8.0,8.0,7.0,8.0,8.0,8.0,8.0,10.0,8.0,8.0,7.0,8.0,8.0,8.0,8.0,8.0,2.0,6.0,6.0,8.0,8.0,2.0,7.0,10.0,8.0,8.0,7.0,3.0,8.0
conv_482,3.0,7.0,8.0,7.0,8.0,8.0,8.0,8.0,8.0,8.0,8.0,8.0,8.0,8.0,8.0,8.0,8.0,8.0,8.0,7.0,8.0,10.0,10.0,8.0,8.0,8.0,8.0,8.0,8.0,8.0
conv_483,2.0,8.0,8.0,8.0,8.0,8.0,8.0,8.0,9.0,8.0,10.0,8.0,8.0,8.0,10.0,10.0,8.0,8.0,8.0,8.0,8.0,8.0,8.0,8.0,8.0,8.0,8.0,8.0,10.0,8.0
conv_484,8.0,10.0,8.0,8.0,2.0,8.0,5.0,8.0,8.0,10.0,8.0,8.0,8.0,8.0,8.0,8.0,6.0,8.0,8.0,8.0,8.0,8.0,8.0,8.0,7.0,8.0,8.0,8.0,10.0,8.0
conv_485,7.0,8.0,8.0,10.0,3.0,8.0,7.0,8.0,8.0,8.0,6.0,8.0,7.0,8.0,8.0,8.0,6.0,8.0,7.0,7.0,7.0,5.0,6.0,4.0,6.0,7.0,8.0,7.0,8.0,2.0
conv_486,7.0,7.0,2.0,2.0,8.0,8.0,8.0,1.0,9.0,2.0,8.0,7.0,8.0,8.0,8.0,8.0,8.0,4.0,8.0,7.0,8.0,8.0,8.0,8.0,8.0,8.0,8.0,8.0,8.0,8.0
conv_487,6.0,7.0,7.0,7.0,8.0,8.0,7.0,8.0,7.0,7.0,7.0,8.0,8.0,6.0,7.0,7.0,7.0,7.0,8.0,7.0,6.0,6.0,8.0,7.0,8.0,8.0,7.0,8.0,8.0,8.0
conv_488,8.0,3.0,8.0,8.0,2.0,8.0,8.0,8.0,8.0,8.0,8.0,8.0,7.0,8.0,8.0,8.0,8.0,8.0,8.0,8.0,10.0,8.0,8.0,8.0,8.0,8.0,8.0,4.0,8.0,8.0
conv_489,8.0,8.0,8.0,8.0,8.0,7.0,8.0,3.0,7.0,8.0,8.0,7.0,4.0,8.0,8.0,8.0,8.0,8.0,5.0,8.0,8.0,8.0,3.0,8.0,8.0,8.0,8.0,8.0,8.0,8.0
conv_490,7.0,8.0,8.0,8.0,8.0,8.0,8.0,8.0,7.0,7.0,7.0,8.0,8.0,9.0,8.0,8.0,4.0,8.0,8.0,8.0,6.0,7.0,5.0,8.0,8.0,9.0,9.0,8.0,8.0,9.0
conv_491,7.0,8.0,10.0,8.0,8.0,8.0,8.0,8.0,7.0,8.0,5.0,7.0,4.0,10.0,9.0,8.0,7.0,8.0,8.0,8.0,8.0,8.0,9.0,8.0,7.0,8.0,8.0,8.0,6.0,8.0
conv_492,8.0,8.0,8.0,8.0,10.0,8.0,8.0,8.0,6.0,8.0,8.0,8.0,8.0,3.0,8.0,8.0,8.0,7.0,8.0,8.0,7.0,8.0,8.0,8.0,10.0,8.0,8.0,8.0,8.0,8.0
conv_493,8.0,8.0,10.0,8.0,10.0,10.0,6.0,8.0,8.0,8.0,7.0,8.0,8.0,10.0,8.0,8.0,8.0,8.0,10.0,8.0,8.0,8.0,8.0,8.0,10.0,10.0,8.0,8.0,9.0,10.0
conv_494,7.0,8.0,8.0,8.0,8.0,8.0,8.0,8.0,8.0,7.0,6.0,7.0,9.0,7.0,8.0,7.0,8.0,7.0,8.0,6.0,7.0,8.0,8.0,8.0,8.0,9.0,8.0,8.0,10.0,8.0
conv_495,8.0,8.0,8.0,8.0,8.0,8.0,8.0,8.0,8.0,8.0,8.0,8.0,8.0,7.0,8.0,8.0,8.0,8.0,8.0,8.0,8.0,7.0,8.0,8.0,8.0,8.0,7.0,8.0,7.0,8.0
conv_496,3.0,8.0,3.0,8.0,8.0,10.0,8.0,8.0,8.0,8.0,8.0,8.0,8.0,8.0,8.0,8.0,8.0,10.0,8.0,8.0,10.0,8.0,8.0,8.0,10.0,4.0,8.0,10.0,8.0,8.0
conv_497,8.0,8.0,8.0,8.0,8.0,5.0,8.0,8.0,8.0,7.0,8.0,8.0,3.0,8.0,10.0,8.0,8.0,8.0,8.0,8.0,10.0,6.0,8.0,8.0,7.0,7.0,8.0,8.0,7.0,7.0
conv_498,7.0,7.0,8.0,8.0,8.0,10.0,8.0,6.0,10.0,10.0,10.0,8.0,8.0,8.0,10.0,10.0,8.0,10.0,8.0,10.0,8.0,8.0,8.0,8.0,8.0,10.0,10.0,8.0,8.0,8.0
conv_499,2.0,8.0,8.0,2.0,7.0,8.0,8.0,8.0,8.0,8.0,10.0,3.0,8.0,8.0,8.0,8.0,8.0,8.0,7.0,8.0,8.0,8.0,8.0,5.0,7.0,8.0,6.0,7.0,4.0,8.0
